«бгЌ«Ёў…,ё”г √ж г—я“,«б”д…,«б‘е—,«бджЏ,√Џѕ«ѕ «б√гннд
«бё«е—…,ё”г «б »нд,2022,7,–яж—,4059
«бё«е—…,ё”г «б »нд,2022,7,≈д«Ћ,7793
«бё«е—…,ё”г Ќбж«д,2022,7,–яж—,18218
«бё«е—…,ё”г Ќбж«д,2022,7,≈д«Ћ,29057
«бё«е—…,ё”г 15 г«нж,2022,7,–яж—,392
«бё«е—…,ё”г 15 г«нж,2022,7,≈д«Ћ,1469
«бё«е—…,ё”г «бгЏ«ѕм,2022,7,–яж—,19949
«бё«е—…,ё”г «бгЏ«ѕм,2022,7,≈д«Ћ,4922
«бё«е—…,ё”г «б»”« нд,2022,7,–яж—,36155
«бё«е—…,ё”г «б»”« нд,2022,7,≈д«Ћ,42054
«бё«е—…,ё”г ѕ«— «б”б«г,2022,7,–яж—,27751
«бё«е—…,ё”г ѕ«— «б”б«г,2022,7,≈д«Ћ,36010
«бё«е—…,ё”г г’— «бёѕнг…,2022,7,–яж—,22101
«бё«е—…,ё”г г’— «бёѕнг…,2022,7,≈д«Ћ,24999
«бё«е—…,ё”г «б”нѕ… “нд»,2022,7,–яж—,7276
«бё«е—…,ё”г «б”нѕ… “нд»,2022,7,≈д«Ћ,10816
«бё«е—…,ё”г «бќбнЁ…,2022,7,–яж—,9066
«бё«е—…,ё”г «бќбнЁ…,2022,7,≈д«Ћ,10655
«бё«е—…,ё”г «бгёЎг,2022,7,–яж—,9099
«бё«е—…,ё”г «бгёЎг,2022,7,≈д«Ћ,11008
«бё«е—…,ё”г гд‘√… д«’—,2022,7,–яж—,41280
«бё«е—…,ё”г гд‘√… д«’—,2022,7,≈д«Ћ,44702
«бё«е—…,ж”Ў «бё«е—…,2022,7,–яж—,8450
«бё«е—…,ж”Ў «бё«е—…,2022,7,≈д«Ћ,12123
«бё«е—…,ё”г «бгж”ям,2022,7,–яж—,467
«бё«е—…,ё”г «бгж”ям,2022,7,≈д«Ћ,755
«бё«е—…,ё”г Џ«»ѕнд,2022,7,–яж—,1536
«бё«е—…,ё”г Џ«»ѕнд,2022,7,≈д«Ћ,3557
«бё«е—…,џ—» «бё«е—…,2022,7,–яж—,787
«бё«е—…,џ—» «бё«е—…,2022,7,≈д«Ћ,1595
«бё«е—…,ё”г »жб«ё,2022,7,–яж—,5631
«бё«е—…,ё”г »жб«ё,2022,7,≈д«Ћ,7479
«бё«е—…,ё”г »«» «б‘Џ—н…,2022,7,–яж—,3177
«бё«е—…,ё”г »«» «б‘Џ—н…,2022,7,≈д«Ћ,3772
«бё«е—…,ё”г «бж«нбм,2022,7,–яж—,2884
«бё«е—…,ё”г «бж«нбм,2022,7,≈д«Ћ,5590
«бё«е—…,ё”г Ќѕ«∆ё «бё»…,2022,7,–яж—,16712
«бё«е—…,ё”г Ќѕ«∆ё «бё»…,2022,7,≈д«Ћ,25515
«бё«е—…,ё”г «б‘—«»н…,2022,7,–яж—,16749
«бё«е—…,ё”г «б‘—«»н…,2022,7,≈д«Ћ,24368
«бё«е—…,ё”г ‘»—«,2022,7,–яж—,4680
«бё«е—…,ё”г ‘»—«,2022,7,≈д«Ћ,7083
«бё«е—…,ё”г —ж÷ «бЁ—ћ,2022,7,–яж—,10046
«бё«е—…,ё”г —ж÷ «бЁ—ћ,2022,7,≈д«Ћ,14743
«бё«е—…,ё”г «б”«Ќб,2022,7,–яж—,14037
«бё«е—…,ё”г «б”«Ќб,2022,7,≈д«Ћ,21225
«бё«е—…,ё”г «б“«жн… «бЌг—«Ѕ,2022,7,–яж—,22427
«бё«е—…,ё”г «б“«жн… «бЌг—«Ѕ,2022,7,≈д«Ћ,33206
«бё«е—…,ё”г «б“н жд,2022,7,–яж—,5497
«бё«е—…,ё”г «б“н жд,2022,7,≈д«Ћ,8667
«бё«е—…,ё”г «бгЎ—н…,2022,7,–яж—,34698
«бё«е—…,ё”г «бгЎ—н…,2022,7,≈д«Ћ,47054
«бё«е—…,ё”г Џнд ‘г”,2022,7,–яж—,24762
«бё«е—…,ё”г Џнд ‘г”,2022,7,≈д«Ћ,34881
«бё«е—…,ё”г «бг—ћ,2022,7,–яж—,48531
«бё«е—…,ё”г «бг—ћ,2022,7,≈д«Ћ,67031
«бё«е—…,ё”г √жб «б”б«г,2022,7,–яж—,22484
«бё«е—…,ё”г √жб «б”б«г,2022,7,≈д«Ћ,29649
«бё«е—…,ё”г Ћ«д «б”б«г «бде÷…,2022,7,–яж—,11648
«бё«е—…,ё”г Ћ«д «б”б«г «бде÷…,2022,7,≈д«Ћ,12876
«бё«е—…,ё”г «бд“ее,2022,7,–яж—,5813
«бё«е—…,ё”г «бд“ее,2022,7,≈д«Ћ,6178
«бё«е—…,Ё”г г’— «бћѕнѕ…,2022,7,–яж—,1460
«бё«е—…,Ё”г г’— «бћѕнѕ…,2022,7,≈д«Ћ,3500
«бё«е—…,џ—» гѕнд… д’—,2022,7,–яж—,23538
«бё«е—…,џ—» гѕнд… д’—,2022,7,≈д«Ћ,29391
«бё«е—…,‘—ё гѕнд… д’—,2022,7,–яж—,5917
«бё«е—…,‘—ё гѕнд… д’—,2022,7,≈д«Ћ,6306
«бё«е—…,«бгЏ’—е,2022,7,–яж—,22267
«бё«е—…,«бгЏ’—е,2022,7,≈д«Ћ,35513
«бё«е—…,Ў—е,2022,7,–яж—,24379
«бё«е—…,Ў—е,2022,7,≈д«Ћ,6016
«бё«е—…,«б«“»ян…,2022,7,–яж—,570
«бё«е—…,«б«“»ян…,2022,7,≈д«Ћ,921
«бё«е—…,«б«гн—н…,2022,7,–яж—,6719
«бё«е—…,«б«гн—н…,2022,7,≈д«Ћ,10592
«б«”ядѕ—н…,«бгд “…,2022,7,–яж—,86038
«б«”ядѕ—н…,«бгд “…,2022,7,≈д«Ћ,111170
«б«”ядѕ—н…,‘—ё «б≈”ядѕ—н…,2022,7,–яж—,58090
«б«”ядѕ—н…,‘—ё «б≈”ядѕ—н…,2022,7,≈д«Ћ,78398
«б«”ядѕ—н…,ж”Ў «б≈”ядѕ—н…,2022,7,–яж—,21897
«б«”ядѕ—н…,ж”Ў «б≈”ядѕ—н…,2022,7,≈д«Ћ,31833
«б«”ядѕ—н…,ё”г «бћг—я,2022,7,–яж—,8063
«б«”ядѕ—н…,ё”г «бћг—я,2022,7,≈д«Ћ,11011
«б«”ядѕ—н…,џ—» «б≈”ядѕ—н…,2022,7,–яж—,35893
«б«”ядѕ—н…,џ—» «б≈”ядѕ—н…,2022,7,≈д«Ћ,43763
«б«”ядѕ—н…,ё”г «бЏћгм,2022,7,–яж—,23487
«б«”ядѕ—н…,ё”г «бЏћгм,2022,7,≈д«Ћ,29580
«б«”ядѕ—н…,«бЏ«г—н…,2022,7,–яж—,95691
«б«”ядѕ—н…,«бЏ«г—н…,2022,7,≈д«Ћ,113882
«б«”ядѕ—н…,»—ћ «бЏ—»,2022,7,–яж—,10595
«б«”ядѕ—н…,»—ћ «бЏ—»,2022,7,≈д«Ћ,15306
»ж—”Џнѕ,ё”г «б‘—ё,2022,7,–яж—,135
»ж—”Џнѕ,ё”г «б‘—ё,2022,7,≈д«Ћ,272
»ж—”Џнѕ,ё”г «бЏ—»,2022,7,–яж—,1509
»ж—”Џнѕ,ё”г «бЏ—»,2022,7,≈д«Ћ,1872
»ж—”Џнѕ,ё”г «бгд«ќ,2022,7,–яж—,3123
»ж—”Џнѕ,ё”г «бгд«ќ,2022,7,≈д«Ћ,4800
»ж—”Џнѕ,ё”г «б÷ж«Ќм,2022,7,–яж—,6697
»ж—”Џнѕ,ё”г «б÷ж«Ќм,2022,7,≈д«Ћ,8476
»ж—”Џнѕ,≈ѕ«—… «б“еж—,2022,7,–яж—,11132
»ж—”Џнѕ,≈ѕ«—… «б“еж—,2022,7,≈д«Ћ,13861
»ж—”Џнѕ,≈ѕ«—… «бћдж»,2022,7,–яж—,10017
»ж—”Џнѕ,≈ѕ«—… «бћдж»,2022,7,≈д«Ћ,11757
»ж—”Џнѕ,≈ѕ«—… »ж— Ёƒ«ѕ,2022,7,–яж—,1707
»ж—”Џнѕ,≈ѕ«—… »ж— Ёƒ«ѕ,2022,7,≈д«Ћ,2681
«б”жн”,ё”г «б”жн”,2022,7,–яж—,1679
«б”жн”,ё”г «б”жн”,2022,7,≈д«Ћ,2015
«б”жн”,ё”г «б√—»Џнд,2022,7,–яж—,12174
«б”жн”,ё”г «б√—»Џнд,2022,7,≈д«Ћ,18433
«б”жн”,ё”г Џ «ё…,2022,7,–яж—,2042
«б”жн”,ё”г Џ «ё…,2022,7,≈д«Ћ,2462
«б”жн”,ё”г Ён’б,2022,7,–яж—,5479
«б”жн”,ё”г Ён’б,2022,7,≈д«Ћ,9102
«б”жн”,ё”г «бћд«нд,2022,7,–яж—,10713
«б”жн”,ё”г «бћд«нд,2022,7,≈д«Ћ,12841
ѕгн«Ў,г—я“ ѕгн«Ў,2022,7,–яж—,36545
ѕгн«Ў,г—я“ ѕгн«Ў,2022,7,≈д«Ћ,30553
ѕгн«Ў,Џ“»… «б»—ћ,2022,7,–яж—,5175
ѕгн«Ў,Џ“»… «б»—ћ,2022,7,≈д«Ћ,4153
ѕгн«Ў,г—я“ яЁ— ”Џѕ,2022,7,–яж—,22315
ѕгн«Ў,г—я“ яЁ— ”Џѕ,2022,7,≈д«Ћ,24994
ѕгн«Ў,яЁ— «б»Ўнќ,2022,7,–яж—,12330
ѕгн«Ў,яЁ— «б»Ўнќ,2022,7,≈д«Ћ,13334
ѕгн«Ў,г—я“ Ё«—”яж—,2022,7,–яж—,13354
ѕгн«Ў,г—я“ Ё«—”яж—,2022,7,≈д«Ћ,14217
ѕгн«Ў,«б—ж÷… ,2022,7,–яж—,2047
ѕгн«Ў,«б—ж÷… ,2022,7,≈д«Ћ,1746
ѕгн«Ў,г—я“ «б“—ё«,2022,7,–яж—,9347
ѕгн«Ў,г—я“ «б“—ё«,2022,7,≈д«Ћ,10323
ѕгн«Ў,«б”—ж—,2022,7,–яж—,1292
ѕгн«Ў,«б”—ж—,2022,7,≈д«Ћ,1486
«бѕёебн…,≈ѕ«—… џ—» «бгд’ж—…,2022,7,–яж—,26122
«бѕёебн…,≈ѕ«—… џ—» «бгд’ж—…,2022,7,≈д«Ћ,37731
«бѕёебн…,≈ѕ«—… ‘—ё «бгд’ж—…,2022,7,–яж—,30047
«бѕёебн…,≈ѕ«—… ‘—ё «бгд’ж—…,2022,7,≈д«Ћ,42253
«бѕёебн…,≈ѕ«—… √ћ«,2022,7,–яж—,29174
«бѕёебн…,≈ѕ«—… √ћ«,2022,7,≈д«Ћ,47530
«бѕёебн…,≈ѕ«—… гн  џг—,2022,7,–яж—,46820
«бѕёебн…,≈ѕ«—… гн  џг—,2022,7,≈д«Ћ,68329
«бѕёебн…,≈ѕ«—… «б”д»б«жнд,2022,7,–яж—,41135
«бѕёебн…,≈ѕ«—… «б”д»б«жнд,2022,7,≈д«Ћ,57404
«бѕёебн…,≈ѕ«—…  гм «б√гѕнѕ,2022,7,–яж—,13915
«бѕёебн…,≈ѕ«—…  гм «б√гѕнѕ,2022,7,≈д«Ћ,19684
«бѕёебн…,≈ѕ«—… »дм Џ»нѕ,2022,7,–яж—,9210
«бѕёебн…,≈ѕ«—… »дм Џ»нѕ,2022,7,≈д«Ћ,13539
«бѕёебн…,≈ѕ«—… ѕя—д”,2022,7,–яж—,24959
«бѕёебн…,≈ѕ«—… ѕя—д”,2022,7,≈д«Ћ,33144
«бѕёебн…,≈ѕ«—… гдн… «бд’— ж«бя—ѕм,2022,7,–яж—,25892
«бѕёебн…,≈ѕ«—… гдн… «бд’— ж«бя—ѕм,2022,7,≈д«Ћ,30413
«бѕёебн…,≈ѕ«—… гн  ”б”нб,2022,7,–яж—,4517
«бѕёебн…,≈ѕ«—… гн  ”б”нб,2022,7,≈д«Ћ,6291
«бѕёебн…,≈ѕ«—… «бћг«бн…,2022,7,–яж—,12132
«бѕёебн…,≈ѕ«—… «бћг«бн…,2022,7,≈д«Ћ,13388
«бѕёебн…,≈ѕ«—… «бгд“б…,2022,7,–яж—,28102
«бѕёебн…,≈ѕ«—… «бгд“б…,2022,7,≈д«Ћ,32809
«бѕёебн…,≈ѕ«—… «бгЎ—н…,2022,7,–яж—,18605
«бѕёебн…,≈ѕ«—… «бгЎ—н…,2022,7,≈д«Ћ,16941
«бѕёебн…,≈ѕ«—… ‘—»нд,2022,7,–яж—,31481
«бѕёебн…,≈ѕ«—… ‘—»нд,2022,7,≈д«Ћ,40535
«бѕёебн…,≈ѕ«—… »бё«” + ћг’…,2022,7,–яж—,55353
«бѕёебн…,≈ѕ«—… »бё«” + ћг’…,2022,7,≈д«Ћ,67548
«бѕёебн…,≈ѕ«—… Ўбќ«,2022,7,–яж—,25817
«бѕёебн…,≈ѕ«—… Ўбќ«,2022,7,≈д«Ћ,34670
«бѕёебн…,≈ѕ«—… д»—же,2022,7,–яж—,27909
«бѕёебн…,≈ѕ«—… д»—же,2022,7,≈д«Ћ,34339
«б‘—ён…,≈ѕ«—… ‘—ё «б“ё«“нё,2022,7,–яж—,33144
«б‘—ён…,≈ѕ«—… ‘—ё «б“ё«“нё,2022,7,≈д«Ћ,48797
«б‘—ён…,≈ѕ«—… гѕнд… «б“ё«“нё,2022,7,–яж—,35148
«б‘—ён…,≈ѕ«—… гѕнд… «б“ё«“нё,2022,7,≈д«Ћ,50127
«б‘—ён…,≈ѕ«—… «бёд«н« ,2022,7,–яж—,4087
«б‘—ён…,≈ѕ«—… «бёд«н« ,2022,7,≈д«Ћ,5559
«б‘—ён…,≈ѕ«—… гдн« «бёгЌ,2022,7,–яж—,48180
«б‘—ён…,≈ѕ«—… гдн« «бёгЌ,2022,7,≈д«Ћ,73125
«б‘—ён…,≈ѕ«—… г‘ жб «б”жё,2022,7,–яж—,16785
«б‘—ён…,≈ѕ«—… г‘ жб «б”жё,2022,7,≈д«Ћ,22482
«б‘—ён…,≈ѕ«—… »б»н”,2022,7,–яж—,68680
«б‘—ён…,≈ѕ«—… »б»н”,2022,7,≈д«Ћ,85511
«б‘—ён…,≈ѕ«—… «бЏ«‘— гд —г÷«д,2022,7,–яж—,4134
«б‘—ён…,≈ѕ«—… «бЏ«‘— гд —г÷«д,2022,7,≈д«Ћ,6996
«б‘—ён…,≈ѕ«—… √»ж Ќг«ѕ,2022,7,–яж—,31093
«б‘—ён…,≈ѕ«—… √»ж Ќг«ѕ,2022,7,≈д«Ћ,41830
«б‘—ён…,≈ѕ«—… еен«,2022,7,–яж—,19903
«б‘—ён…,≈ѕ«—… еен«,2022,7,≈д«Ћ,26755
«б‘—ён…,≈ѕ«—… ѕн—» дћг,2022,7,–яж—,34928
«б‘—ён…,≈ѕ«—… ѕн—» дћг,2022,7,≈д«Ћ,48251
«б‘—ён…,≈ѕ«—… «б≈»—«енгн…,2022,7,–яж—,17304
«б‘—ён…,≈ѕ«—… «б≈»—«енгн…,2022,7,≈д«Ћ,21797
«б‘—ён…,≈ѕ«—… √»ж я»н—,2022,7,–яж—,39213
«б‘—ён…,≈ѕ«—… √»ж я»н—,2022,7,≈д«Ћ,46874
«б‘—ён…,≈ѕ«—… яЁ— ’ё—,2022,7,–яж—,22809
«б‘—ён…,≈ѕ«—… яЁ— ’ё—,2022,7,≈д«Ћ,33052
«б‘—ён…,≈ѕ«—… √жб«ѕ ’ё—,2022,7,–яж—,23750
«б‘—ён…,≈ѕ«—… √жб«ѕ ’ё—,2022,7,≈д«Ћ,30317
«б‘—ён…,≈ѕ«—… ’«д «бЌћ—,2022,7,–яж—,24787
«б‘—ён…,≈ѕ«—… ’«д «бЌћ—,2022,7,≈д«Ћ,27732
«б‘—ён…,≈ѕ«—… гд‘√… √»ж Џг—,2022,7,–яж—,11048
«б‘—ён…,≈ѕ«—… гд‘√… √»ж Џг—,2022,7,≈д«Ћ,13096
«б‘—ён…,≈ѕ«—… «бЌ”ндн…,2022,7,–яж—,36574
«б‘—ён…,≈ѕ«—… «бЌ”ндн…,2022,7,≈д«Ћ,47125
«б‘—ён…,≈ѕ«—… Ё«ёж”,2022,7,–яж—,56673
«б‘—ён…,≈ѕ«—… Ё«ёж”,2022,7,≈д«Ћ,73814
«б‘—ён…,≈ѕ«—… «бё—нд,2022,7,–яж—,4531
«б‘—ён…,≈ѕ«—… «бё—нд,2022,7,≈д«Ћ,6064
«б‘—ён…,ё”г «б’«бЌн… «бћѕнѕ…,2022,7,–яж—,7402
«б‘—ён…,ё”г «б’«бЌн… «бћѕнѕ…,2022,7,≈д«Ћ,7949
«бёбнж»н…,≈ѕ«—… »де«,2022,7,–яж—,28186
«бёбнж»н…,≈ѕ«—… »де«,2022,7,≈д«Ћ,45061
«бёбнж»н…,≈ѕ«—… яЁ— ‘я—,2022,7,–яж—,8538
«бёбнж»н…,≈ѕ«—… яЁ— ‘я—,2022,7,≈д«Ћ,13516
«бёбнж»н…,≈ѕ«—… Ўжќ,2022,7,–яж—,38361
«бёбнж»н…,≈ѕ«—… Ўжќ,2022,7,≈д«Ћ,57235
«бёбнж»н…,≈ѕ«—… ёе«,2022,7,–яж—,2050
«бёбнж»н…,≈ѕ«—… ёе«,2022,7,≈д«Ћ,2793
«бёбнж»н…,≈ѕ«—… «бёд«Ў— «бќн—н…,2022,7,–яж—,43780
«бёбнж»н…,≈ѕ«—… «бёд«Ў— «бќн—н…,2022,7,≈д«Ћ,60583
«бёбнж»н…,≈ѕ«—… ёбнж»,2022,7,–яж—,62974
«бёбнж»н…,≈ѕ«—… ёбнж»,2022,7,≈д«Ћ,78887
«бёбнж»н…,≈ѕ«—… ‘»—« «бќнг… џ—»,2022,7,–яж—,26413
«бёбнж»н…,≈ѕ«—… ‘»—« «бќнг… џ—»,2022,7,≈д«Ћ,36809
«бёбнж»н…,≈ѕ«—… ‘»—« «бќнг… ‘—ё,2022,7,–яж—,47833
«бёбнж»н…,≈ѕ«—… ‘»—« «бќнг… ‘—ё,2022,7,≈д«Ћ,57688
«бёбнж»н…,≈ѕ«—… «бќ’ж’,2022,7,–яж—,36947
«бёбнж»н…,≈ѕ«—… «бќ’ж’,2022,7,≈д«Ћ,40436
«бёбнж»н…,≈ѕ«—… ‘»нд «бёд«Ў—,2022,7,–яж—,39519
«бёбнж»н…,≈ѕ«—… ‘»нд «бёд«Ў—,2022,7,≈д«Ћ,55942
«бёбнж»н…,≈ѕ«—… «бќ«дя… ,2022,7,–яж—,49990
«бёбнж»н…,≈ѕ«—… «бќ«дя… ,2022,7,≈д«Ћ,64604
«бёбнж»н…,≈ѕ«—… «бЏ»ж—,2022,7,–яж—,2345
«бёбнж»н…,≈ѕ«—… «бЏ»ж—,2022,7,≈д«Ћ,3486
яЁ— «б‘нќ,≈ѕ«—… яЁ— «б‘нќ,2022,7,–яж—,30140
яЁ— «б‘нќ,≈ѕ«—… яЁ— «б‘нќ,2022,7,≈д«Ћ,46980
яЁ— «б‘нќ,≈ѕ«—… »бЎнг,2022,7,–яж—,17912
яЁ— «б‘нќ,≈ѕ«—… »бЎнг,2022,7,≈д«Ћ,22831
яЁ— «б‘нќ,≈ѕ«—… »нб«,2022,7,–яж—,20564
яЁ— «б‘нќ,≈ѕ«—… »нб«,2022,7,≈д«Ћ,31090
яЁ— «б‘нќ,≈ѕ«—… ѕ”жё,2022,7,–яж—,40357
яЁ— «б‘нќ,≈ѕ«—… ѕ”жё,2022,7,≈д«Ћ,60594
яЁ— «б‘нќ,≈ѕ«—… ”нѕм ”«бг,2022,7,–яж—,38792
яЁ— «б‘нќ,≈ѕ«—… ”нѕм ”«бг,2022,7,≈д«Ћ,55655
яЁ— «б‘нќ,≈ѕ«—… Ёже,2022,7,–яж—,16651
яЁ— «б‘нќ,≈ѕ«—… Ёже,2022,7,≈д«Ћ,21176
яЁ— «б‘нќ,≈ѕ«—… ёбнд,2022,7,–яж—,13761
яЁ— «б‘нќ,≈ѕ«—… ёбнд,2022,7,≈д«Ћ,24395
яЁ— «б‘нќ,≈ѕ«—… гЎж»”,2022,7,–яж—,30819
яЁ— «б‘нќ,≈ѕ«—… гЎж»”,2022,7,≈д«Ћ,42564
яЁ— «б‘нќ,≈ѕ«—… «бЌ«гжб,2022,7,–яж—,30718
яЁ— «б‘нќ,≈ѕ«—… «бЌ«гжб,2022,7,≈д«Ћ,37010
яЁ— «б‘нќ,≈ѕ«—… «б—н«÷,2022,7,–яж—,13106
яЁ— «б‘нќ,≈ѕ«—… «б—н«÷,2022,7,≈д«Ћ,19411
яЁ— «б‘нќ,≈ѕ«—… ”нѕм џ«“м,2022,7,–яж—,7006
яЁ— «б‘нќ,≈ѕ«—… ”нѕм џ«“м,2022,7,≈д«Ћ,11066
яЁ— «б‘нќ,≈ѕ«—… »—ћ «б»—б”,2022,7,–яж—,7690
яЁ— «б‘нќ,≈ѕ«—… »—ћ «б»—б”,2022,7,≈д«Ћ,7601
«бџ—»н…,≈ѕ«—… ЎдЎ« џ—»,2022,7,–яж—,26251
«бџ—»н…,≈ѕ«—… ЎдЎ« џ—»,2022,7,≈д«Ћ,42485
«бџ—»н…,≈ѕ«—… ЎдЎ« ‘—ё,2022,7,–яж—,31101
«бџ—»н…,≈ѕ«—… ЎдЎ« ‘—ё,2022,7,≈д«Ћ,46807
«бџ—»н…,≈ѕ«—… «б”дЎ…,2022,7,–яж—,22249
«бџ—»н…,≈ѕ«—… «б”дЎ…,2022,7,≈д«Ћ,40065
«бџ—»н…,≈ѕ«—… “Ё м,2022,7,–яж—,30561
«бџ—»н…,≈ѕ«—… “Ё м,2022,7,≈д«Ћ,45266
«бџ—»н…,≈ѕ«—… ”гджѕ,2022,7,–яж—,19788
«бџ—»н…,≈ѕ«—… ”гджѕ,2022,7,≈д«Ћ,31206
«бџ—»н…,≈ѕ«—… «бгЌб… «бя»—м ‘—ё,2022,7,–яж—,44744
«бџ—»н…,≈ѕ«—… «бгЌб… «бя»—м ‘—ё,2022,7,≈д«Ћ,62079
«бџ—»н…,≈ѕ«—… «бгЌб… «бя»—м џ—»,2022,7,–яж—,40535
«бџ—»н…,≈ѕ«—… «бгЌб… «бя»—м џ—»,2022,7,≈д«Ћ,59107
«бџ—»н…,≈ѕ«—… ёЎж—,2022,7,–яж—,25054
«бџ—»н…,≈ѕ«—… ёЎж—,2022,7,≈д«Ћ,35075
«бџ—»н…,≈ѕ«—… яЁ— «б“»« ,2022,7,–яж—,27632
«бџ—»н…,≈ѕ«—… яЁ— «б“»« ,2022,7,≈д«Ћ,49196
«бџ—»н…,≈ѕ«—… »”нжд,2022,7,–яж—,20185
«бџ—»н…,≈ѕ«—… »”нжд,2022,7,≈д«Ћ,31765
«бгджЁн…,≈ѕ«—… ‘»нд «бяжг,2022,7,–яж—,25851
«бгджЁн…,≈ѕ«—… ‘»нд «бяжг,2022,7,≈д«Ћ,39501
«бгджЁн…,≈ѕ«—… «б‘еѕ«Ѕ,2022,7,–яж—,14964
«бгджЁн…,≈ѕ«—… «б‘еѕ«Ѕ,2022,7,≈д«Ћ,25904
«бгджЁн…,≈ѕ«—…  б«,2022,7,–яж—,18696
«бгджЁн…,≈ѕ«—…  б«,2022,7,≈д«Ћ,29737
«бгджЁн…,≈ѕ«—… »—я… «б”»Џ,2022,7,–яж—,8178
«бгджЁн…,≈ѕ«—… »—я… «б”»Џ,2022,7,≈д«Ћ,16013
«бгджЁн…,≈ѕ«—… ёжн”д«,2022,7,–яж—,21730
«бгджЁн…,≈ѕ«—… ёжн”д«,2022,7,≈д«Ћ,35071
«бгджЁн…,≈ѕ«—… «б»«ћж—,2022,7,–яж—,15384
«бгджЁн…,≈ѕ«—… «б»«ћж—,2022,7,≈д«Ћ,25363
«бгджЁн…,≈ѕ«—… √‘гжд,2022,7,–яж—,53624
«бгджЁн…,≈ѕ«—… √‘гжд,2022,7,≈д«Ћ,80085
«бгджЁн…,≈ѕ«—… гджЁ,2022,7,–яж—,42279
«бгджЁн…,≈ѕ«—… гджЁ,2022,7,≈д«Ћ,56203
«бгджЁн…,≈ѕ«—… жгѕнд… «б”«ѕ« ,2022,7,–яж—,9448
«бгджЁн…,≈ѕ«—… жгѕнд… «б”«ѕ« ,2022,7,≈д«Ћ,14523
«б»Ќн—…,ё”г ѕгдеж—,2022,7,–яж—,63315
«б»Ќн—…,ё”г ѕгдеж—,2022,7,≈д«Ћ,90604
«б»Ќн—…,г—я“ Ќж‘ Џн”м,2022,7,–яж—,33663
«б»Ќн—…,г—я“ Ќж‘ Џн”м,2022,7,≈д«Ћ,49150
«б»Ќн—…,г—я“ √»ж «бгЎ«гн—,2022,7,–яж—,94153
«б»Ќн—…,г—я“ √»ж «бгЎ«гн—,2022,7,≈д«Ћ,115330
«б»Ќн—…,г—я“ яЁ— «бѕж«—,2022,7,–яж—,107942
«б»Ќн—…,г—я“ яЁ— «бѕж«—,2022,7,≈д«Ћ,149447
«б»Ќн—…,г—я“ «ѕяж,2022,7,–яж—,23373
«б»Ќн—…,г—я“ «ѕяж,2022,7,≈д«Ћ,27135
«б»Ќн—…,г—я“ —‘нѕ,2022,7,–яж—,28012
«б»Ќн—…,г—я“ —‘нѕ,2022,7,≈д«Ћ,34016
«б»Ќн—…,г—я“ √»ж Ќг’,2022,7,–яж—,62152
«б»Ќн—…,г—я“ √»ж Ќг’,2022,7,≈д«Ћ,89011
«б»Ќн—…,г—я“ «бгЌгжѕн…,2022,7,–яж—,26066
«б»Ќн—…,г—я“ «бгЌгжѕн…,2022,7,≈д«Ћ,37547
«б»Ќн—…,г—я“ «б—Ќг«дн…,2022,7,–яж—,12116
«б»Ќн—…,г—я“ «б—Ќг«дн…,2022,7,≈д«Ћ,18241
«б»Ќн—…,г—я“ ‘»—«ќн ,2022,7,–яж—,20112
«б»Ќн—…,г—я“ ‘»—«ќн ,2022,7,≈д«Ћ,32351
«б»Ќн—…,г—я“ «н «м «б»«—жѕ,2022,7,–яж—,32896
«б»Ќн—…,г—я“ «н «м «б»«—жѕ,2022,7,≈д«Ћ,58943
«б»Ќн—…,г—я“ яжг Ќг«ѕ…,2022,7,–яж—,28638
«б»Ќн—…,г—я“ яжг Ќг«ѕ…,2022,7,≈д«Ћ,51099
«б»Ќн—…,г—я“ »ѕ—,2022,7,–яж—,20704
«б»Ќн—…,г—я“ »ѕ—,2022,7,≈д«Ћ,27036
«б»Ќн—…,г—я“ «бѕбдћ« ,2022,7,–яж—,37826
«б»Ќн—…,г—я“ «бѕбдћ« ,2022,7,≈д«Ћ,59408
«б»Ќн—…,г—я“ ж«ѕм «бдЎ—жд,2022,7,–яж—,7655
«б»Ќн—…,г—я“ ж«ѕм «бдЎ—жд,2022,7,≈д«Ћ,10415
«б«”г«Џнбн…,гѕнд… «б≈”г«Џнбн…,2022,7,–яж—,7893
«б«”г«Џнбн…,гѕнд… «б≈”г«Џнбн…,2022,7,≈д«Ћ,13179
«б«”г«Џнбн…,г—я“ «б≈”г«Џнбн…,2022,7,–яж—,8190
«б«”г«Џнбн…,г—я“ «б≈”г«Џнбн…,2022,7,≈д«Ћ,11672
«б«”г«Џнбн…,«бёдЎ—… џ—»,2022,7,–яж—,9746
«б«”г«Џнбн…,«бёдЎ—… џ—»,2022,7,≈д«Ћ,14019
«б«”г«Џнбн…,«бёдЎ—… ‘—ё,2022,7,–яж—,2866
«б«”г«Џнбн…,«бёдЎ—… ‘—ё,2022,7,≈д«Ћ,3602
«б«”г«Џнбн…,г—я“ Ё«нѕ,2022,7,–яж—,8076
«б«”г«Џнбн…,г—я“ Ё«нѕ,2022,7,≈д«Ћ,11098
«б«”г«Џнбн…,√»ж ’жн—,2022,7,–яж—,14755
«б«”г«Џнбн…,√»ж ’жн—,2022,7,≈д«Ћ,17214
«б«”г«Џнбн…,«б б «бя»н—,2022,7,–яж—,4268
«б«”г«Џнбн…,«б б «бя»н—,2022,7,≈д«Ћ,6136
«б«”г«Џнбн…,«бё’«’нд,2022,7,–яж—,6962
«б«”г«Џнбн…,«бё’«’нд,2022,7,≈д«Ћ,9084
«бћн“…,‘г«б,2022,7,–яж—,42294
«бћн“…,‘г«б,2022,7,≈д«Ћ,51340
«бћн“…,«бЏћж“…,2022,7,–яж—,10057
«бћн“…,«бЏћж“…,2022,7,≈д«Ћ,16162
«бћн“…,«бѕём,2022,7,–яж—,2115
«бћн“…,«бѕём,2022,7,≈д«Ћ,3054
«бћн“…,ћдж»,2022,7,–яж—,25443
«бћн“…,ћдж»,2022,7,≈д«Ћ,32855
«бћн“…,»жб«ё «бѕя—ж—,2022,7,–яж—,53962
«бћн“…,»жб«ё «бѕя—ж—,2022,7,≈д«Ћ,69058
«бћн“…,«бЏг—«дн…,2022,7,–яж—,43780
«бћн“…,«бЏг—«дн…,2022,7,≈д«Ћ,56988
«бћн“…,«бе—г ,2022,7,–яж—,34862
«бћн“…,«бе—г ,2022,7,≈д«Ћ,41073
«бћн“…,«»ж «бдг—” + гд‘√… «б»я«—м,2022,7,–яж—,35493
«бћн“…,«»ж «бдг—” + гд‘√… «б»я«—м,2022,7,≈д«Ћ,48321
«бћн“…,«бЌж«гѕн…,2022,7,–яж—,13354
«бћн“…,«бЌж«гѕн…,2022,7,≈д«Ћ,19393
«бћн“…,«б»ѕ—‘нд,2022,7,–яж—,59645
«бћн“…,«б»ѕ—‘нд,2022,7,≈д«Ћ,79057
«бћн“…,«бЏн«Ў,2022,7,–яж—,50709
«бћн“…,«бЏн«Ў,2022,7,≈д«Ћ,71520
«бћн“…,«б’Ё,2022,7,–яж—,40699
«бћн“…,«б’Ё,2022,7,≈д«Ћ,59751
«бћн“…,я—ѕ«”…,2022,7,–яж—,47304
«бћн“…,я—ѕ«”…,2022,7,≈д«Ћ,57822
«бћн“…,√ж”нг,2022,7,–яж—,36939
«бћн“…,√ж”нг,2022,7,≈д«Ћ,49529
«бћн“…,«бж—«ё,2022,7,–яж—,67014
«бћн“…,«бж—«ё,2022,7,≈д«Ћ,79772
«бћн“…,гд‘√… «бёд«Ў—,2022,7,–яж—,47692
«бћн“…,гд‘√… «бёд«Ў—,2022,7,≈д«Ћ,74179
«бћн“…,«ЎЁнЌ,2022,7,–яж—,33659
«бћн“…,«ЎЁнЌ,2022,7,≈д«Ћ,52581
«бћн“…,6 √я ж»—,2022,7,–яж—,10876
«бћн“…,6 √я ж»—,2022,7,≈д«Ћ,14753
«бћн“…,«бж«Ќ«  «б»Ќ—н…,2022,7,–яж—,1918
«бћн“…,«бж«Ќ«  «б»Ќ—н…,2022,7,≈д«Ћ,3265
»дн ”жнЁ,»дм ”жнЁ,2022,7,–яж—,31619
»дн ”жнЁ,»дм ”жнЁ,2022,7,≈д«Ћ,50655
»дн ”жнЁ,«ед«”н«,2022,7,–яж—,27637
»дн ”жнЁ,«ед«”н«,2022,7,≈д«Ћ,42171
»дн ”жнЁ,»»«,2022,7,–яж—,35586
»дн ”жнЁ,»»«,2022,7,≈д«Ћ,51250
»дн ”жнЁ,”г”Ў«,2022,7,–яж—,24228
»дн ”жнЁ,”г”Ў«,2022,7,≈д«Ћ,33398
»дн ”жнЁ,«бЁ‘д,2022,7,–яж—,45239
»дн ”жнЁ,«бЁ‘д,2022,7,≈д«Ћ,62541
»дн ”жнЁ,«бж«”Ўм,2022,7,–яж—,38630
»дн ”жнЁ,«бж«”Ўм,2022,7,≈д«Ћ,54078
»дн ”жнЁ,д«’—,2022,7,–яж—,27478
»дн ”жнЁ,д«’—,2022,7,≈д«Ћ,40338
«бЁнжг,«бЁнжг,2022,7,–яж—,81299
«бЁнжг,«бЁнжг,2022,7,≈д«Ћ,103301
«бЁнжг,Ў«гн…,2022,7,–яж—,50702
«бЁнжг,Ў«гн…,2022,7,≈д«Ћ,66124
«бЁнжг,”дж—”,2022,7,–яж—,62361
«бЁнжг,”дж—”,2022,7,≈д«Ћ,77086
«бЁнжг,«»‘ж«м,2022,7,–яж—,76691
«бЁнжг,«»‘ж«м,2022,7,≈д«Ћ,90092
«бЁнжг,«Ў”«,2022,7,–яж—,71279
«бЁнжг,«Ў”«,2022,7,≈д«Ћ,92971
«бЁнжг,нж”Ё «б’ѕнё,2022,7,–яж—,15437
«бЁнжг,нж”Ё «б’ѕнё,2022,7,≈д«Ћ,19586
«бгдн«,ё”г «бгдн«,2022,7,–яж—,74788
«бгдн«,ё”г «бгдн«,2022,7,≈д«Ћ,116675
«бгдн«,г—я“ √»ж ё—ё«’,2022,7,–яж—,68268
«бгдн«,г—я“ √»ж ё—ё«’,2022,7,≈д«Ћ,93086
«бгдн«,г—я“ гбжм,2022,7,–яж—,108141
«бгдн«,г—я“ гбжм,2022,7,≈д«Ћ,144525
«бгдн«,г—я“ ѕн— гж«”,2022,7,–яж—,40621
«бгдн«,г—я“ ѕн— гж«”,2022,7,≈д«Ћ,60634
«бгдн«,г—я“ ”г«бжЎ,2022,7,–яж—,86024
«бгдн«,г—я“ ”г«бжЎ,2022,7,≈д«Ћ,121943
«бгдн«,г—я“ гЎ«м,2022,7,–яж—,33795
«бгдн«,г—я“ гЎ«м,2022,7,≈д«Ћ,46770
«бгдн«,г—я“ »дм г“«—,2022,7,–яж—,68115
«бгдн«,г—я“ »дм г“«—,2022,7,≈д«Ћ,95123
«бгдн«,г—я“ гџ«џ…,2022,7,–яж—,63571
«бгдн«,г—я“ гџ«џ…,2022,7,≈д«Ћ,90714
«бгдн«,г—я“ «бЏѕж…,2022,7,–яж—,30184
«бгдн«,г—я“ «бЏѕж…,2022,7,≈д«Ћ,47205
«”нжЎ,Ќм џ—»,2022,7,–яж—,14828
«”нжЎ,Ќм џ—»,2022,7,≈д«Ћ,17447
«”нжЎ,Ќм ‘—ё,2022,7,–яж—,3929
«”нжЎ,Ќм ‘—ё,2022,7,≈д«Ћ,6917
«”нжЎ,√”нжЎ,2022,7,–яж—,57346
«”нжЎ,√”нжЎ,2022,7,≈д«Ћ,76454
«”нжЎ,«»ж  нћ,2022,7,–яж—,34500
«”нжЎ,«»ж  нћ,2022,7,≈д«Ћ,45025
«”нжЎ,«бџд«нг,2022,7,–яж—,13429
«”нжЎ,«бџд«нг,2022,7,≈д«Ћ,18864
«”нжЎ,’ѕЁ«,2022,7,–яж—,16152
«”нжЎ,’ѕЁ«,2022,7,≈д«Ћ,22643
«”нжЎ,гдЁбжЎ,2022,7,–яж—,77724
«”нжЎ,гдЁбжЎ,2022,7,≈д«Ћ,87720
«”нжЎ,«бёж’н…,2022,7,–яж—,50415
«”нжЎ,«бёж’н…,2022,7,≈д«Ћ,69732
«”нжЎ,ѕн—жЎ,2022,7,–яж—,62923
«”нжЎ,ѕн—жЎ,2022,7,≈д«Ћ,86580
«”нжЎ,«»дж»,2022,7,–яж—,58339
«”нжЎ,«»дж»,2022,7,≈д«Ћ,70241
«”нжЎ,«бЁ Ќ,2022,7,–яж—,35891
«”нжЎ,«бЁ Ќ,2022,7,≈д«Ћ,47948
«”нжЎ,«б”«Ќб,2022,7,–яж—,15228
«”нжЎ,«б”«Ќб,2022,7,≈д«Ћ,23534
«”нжЎ,«б»ѕ«—м,2022,7,–яж—,21073
«”нжЎ,«б»ѕ«—м,2022,7,≈д«Ћ,32501
”же«ћ,Ќм џ—»,2022,7,–яж—,45817
”же«ћ,Ќм џ—»,2022,7,≈д«Ћ,66033
”же«ћ,”же«ћ,2022,7,–яж—,5665
”же«ћ,”же«ћ,2022,7,≈д«Ћ,10181
”же«ћ,«бг—«џ…,2022,7,–яж—,28448
”же«ћ,«бг—«џ…,2022,7,≈д«Ћ,46906
”же«ћ,ћенд…,2022,7,–яж—,19722
”же«ћ,ћенд…,2022,7,≈д«Ћ,32305
”же«ћ,ЎеЎ«,2022,7,–яж—,37715
”же«ћ,ЎеЎ«,2022,7,≈д«Ћ,54006
”же«ћ,Ўг«,2022,7,–яж—,37363
”же«ћ,Ўг«,2022,7,≈д«Ћ,49704
”же«ћ,«бгд‘√… ж«бЏ”н—« ,2022,7,–яж—,65797
”же«ћ,«бгд‘√… ж«бЏ”н—« ,2022,7,≈д«Ћ,90220
”же«ћ,ћ—ћ«,2022,7,–яж—,44728
”же«ћ,ћ—ћ«,2022,7,≈д«Ћ,65046
”же«ћ,«б»бнд«,2022,7,–яж—,46718
”же«ћ,«б»бнд«,2022,7,≈д«Ћ,73993
”же«ћ,ѕ«— «б”б«г,2022,7,–яж—,45143
”же«ћ,ѕ«— «б”б«г,2022,7,≈д«Ћ,69981
”же«ћ,«ќгнг ж«бяжЋ—,2022,7,–яж—,29240
”же«ћ,«ќгнг ж«бяжЋ—,2022,7,≈д«Ћ,44487
”же«ћ,”«ёб е,2022,7,–яж—,15771
”же«ћ,”«ёб е,2022,7,≈д«Ћ,25736
ёд« ,ёд«,2022,7,–яж—,43508
ёд« ,ёд«,2022,7,≈д«Ћ,74469
ёд« ,ѕ‘д«,2022,7,–яж—,41712
ёд« ,ѕ‘д«,2022,7,≈д«Ћ,65668
ёд« ,«бжёЁ,2022,7,–яж—,6462
ёд« ,«бжёЁ,2022,7,≈д«Ћ,11007
ёд« ,дћЏ Ќг«ѕм,2022,7,–яж—,42004
ёд« ,дћЏ Ќг«ѕм,2022,7,≈д«Ћ,71307
ёд« ,Ё—‘жЎ,2022,7,–яж—,11205
ёд« ,Ё—‘жЎ,2022,7,≈д«Ћ,21730
ёд« ,«»ж  ‘ ,2022,7,–яж—,46521
ёд« ,«»ж  ‘ ,2022,7,≈д«Ћ,76873
ёд« ,ёЁЎ,2022,7,–яж—,6666
ёд« ,ёЁЎ,2022,7,≈д«Ћ,11227
ёд« ,ёж’,2022,7,–яж—,29681
ёд« ,ёж’,2022,7,≈д«Ћ,51165
ёд« ,дё«ѕ…,2022,7,–яж—,10656
ёд« ,дё«ѕ…,2022,7,≈д«Ћ,21430
√”ж«д,«”ж«д,2022,7,–яж—,16899
√”ж«д,«”ж«д,2022,7,≈д«Ћ,24551
√”ж«д,«ѕЁж,2022,7,–яж—,18866
√”ж«д,«ѕЁж,2022,7,≈д«Ћ,32563
√”ж«д,яжг «г»ж,2022,7,–яж—,27261
√”ж«д,яжг «г»ж,2022,7,≈д«Ћ,35652
√”ж«д,д’— «бдж»…,2022,7,–яж—,5675
√”ж«д,д’— «бдж»…,2022,7,≈д«Ћ,8676
√”ж«д,ѕ—«ж,2022,7,–яж—,7864
√”ж«д,ѕ—«ж,2022,7,≈д«Ћ,10839
«б√ё’—,гѕнд… «б√ё’—,2022,7,–яж—,10419
«б√ё’—,гѕнд… «б√ё’—,2022,7,≈д«Ћ,17235
«б√ё’—,«б»н«÷н…,2022,7,–яж—,6021
«б√ё’—,«б»н«÷н…,2022,7,≈д«Ћ,8523
«б√ё’—,«бё—д…,2022,7,–яж—,11185
«б√ё’—,«бё—д…,2022,7,≈д«Ћ,16285
«б√ё’—,«б“ндн…,2022,7,–яж—,6990
«б√ё’—,«б“ндн…,2022,7,≈д«Ћ,9767
«б√ё’—,«бЎжѕ,2022,7,–яж—,8202
«б√ё’—,«бЎжѕ,2022,7,≈д«Ћ,12339
«б√ё’—,«—гд ,2022,7,–яж—,10617
«б√ё’—,«—гд ,2022,7,≈д«Ћ,17708
«б√ё’—,«”д«,2022,7,–яж—,39399
«б√ё’—,«”д«,2022,7,≈д«Ћ,52839
«б»Ќ— «б√Ќг—,«бџ—ѕё…,2022,7,–яж—,3162
«б»Ќ— «б√Ќг—,«бџ—ѕё…,2022,7,≈д«Ћ,5879
«б»Ќ— «б√Ќг—,—√” џ«—»,2022,7,–яж—,556
«б»Ќ— «б√Ќг—,—√” џ«—»,2022,7,≈д«Ћ,1431
«б»Ќ— «б√Ќг—,”Ё«ћ«,2022,7,–яж—,1368
«б»Ќ— «б√Ќг—,”Ё«ћ«,2022,7,≈д«Ћ,2481
«б»Ќ— «б√Ќг—,«бё’н—,2022,7,–яж—,1108
«б»Ќ— «б√Ќг—,«бё’н—,2022,7,≈д«Ћ,2272
«б»Ќ— «б√Ќг—,г—”м Џбг,2022,7,–яж—,782
«б»Ќ— «б√Ќг—,г—”м Џбг,2022,7,≈д«Ћ,1095
«б»Ќ— «б√Ќг—,‘б« нд,2022,7,–яж—,1312
«б»Ќ— «б√Ќг—,‘б« нд,2022,7,≈д«Ћ,1696
«б»Ќ— «б√Ќг—,√»ж —г«ѕ жЌб«н»,2022,7,–яж—,572
«б»Ќ— «б√Ќг—,√»ж —г«ѕ жЌб«н»,2022,7,≈д«Ћ,905
«бж«ѕн «бћѕнѕ,«бќ«—ћ…,2022,7,–яж—,1173
«бж«ѕн «бћѕнѕ,«бќ«—ћ…,2022,7,≈д«Ћ,2712
«бж«ѕн «бћѕнѕ,»«—н”,2022,7,–яж—,136
«бж«ѕн «бћѕнѕ,»«—н”,2022,7,≈д«Ћ,380
«бж«ѕн «бћѕнѕ,«бѕ«ќб…,2022,7,–яж—,2525
«бж«ѕн «бћѕнѕ,«бѕ«ќб…,2022,7,≈д«Ћ,5684
«бж«ѕн «бћѕнѕ,«бЁ—«Ё—…,2022,7,–яж—,1547
«бж«ѕн «бћѕнѕ,«бЁ—«Ё—…,2022,7,≈д«Ћ,2702
гЎ—жЌ,г—”м гЎ—жЌ,2022,7,–яж—,11860
гЎ—жЌ,г—”м гЎ—жЌ,2022,7,≈д«Ћ,20757
гЎ—жЌ,«бдћнб…,2022,7,–яж—,1751
гЎ—жЌ,«бдћнб…,2022,7,≈д«Ћ,3861
гЎ—жЌ,”нѕм »—«дм,2022,7,–яж—,3449
гЎ—жЌ,”нѕм »—«дм,2022,7,≈д«Ћ,8192
гЎ—жЌ,«б”бжг,2022,7,–яж—,1930
гЎ—жЌ,«б”бжг,2022,7,≈д«Ћ,3264
гЎ—жЌ,«б÷»Џ…,2022,7,–яж—,3135
гЎ—жЌ,«б÷»Џ…,2022,7,≈д«Ћ,6829
гЎ—жЌ,«бЏбгнд,2022,7,–яж—,1311
гЎ—жЌ,«бЏбгнд,2022,7,≈д«Ћ,1418
гЎ—жЌ,«бЌг«г,2022,7,–яж—,4418
гЎ—жЌ,«бЌг«г,2022,7,≈д«Ћ,6781
гЎ—жЌ,”нж…,2022,7,–яж—,1287
гЎ—жЌ,”нж…,2022,7,≈д«Ћ,1790
‘г«б ”нд«Ѕ,«бЏ—н‘,2022,7,–яж—,7076
‘г«б ”нд«Ѕ,«бЏ—н‘,2022,7,≈д«Ћ,15417
‘г«б ”нд«Ѕ,»∆— «бЏ»ѕ + ‘—Ў… —г«д…,2022,7,–яж—,4086
‘г«б ”нд«Ѕ,»∆— «бЏ»ѕ + ‘—Ў… —г«д…,2022,7,≈д«Ћ,9503
‘г«б ”нд«Ѕ,«бЌ”д…,2022,7,–яж—,1622
‘г«б ”нд«Ѕ,«бЌ”д…,2022,7,≈д«Ћ,3083
‘г«б ”нд«Ѕ,дќб,2022,7,–яж—,391
‘г«б ”нд«Ѕ,дќб,2022,7,≈д«Ћ,845
‘г«б ”нд«Ѕ,«б‘нќ “жнѕ,2022,7,–яж—,2893
‘г«б ”нд«Ѕ,«б‘нќ “жнѕ,2022,7,≈д«Ћ,6082
‘г«б ”нд«Ѕ,—ЁЌ,2022,7,–яж—,3480
‘г«б ”нд«Ѕ,—ЁЌ,2022,7,≈д«Ћ,7307
ћдж» ”нд«Ѕ,Ўж— ”нд«Ѕ,2022,7,–яж—,258
ћдж» ”нд«Ѕ,Ўж— ”нд«Ѕ,2022,7,≈д«Ћ,1045
ћдж» ”нд«Ѕ,«»ж —ѕн”,2022,7,–яж—,190
ћдж» ”нд«Ѕ,«»ж —ѕн”,2022,7,≈д«Ћ,832
ћдж» ”нд«Ѕ,«»ж “днг…,2022,7,–яж—,68
ћдж» ”нд«Ѕ,«»ж “днг…,2022,7,≈д«Ћ,281
ћдж» ”нд«Ѕ,—√” ”ѕ—,2022,7,–яж—,268
ћдж» ”нд«Ѕ,—√” ”ѕ—,2022,7,≈д«Ћ,1016
ћдж» ”нд«Ѕ,я« —нд,2022,7,–яж—,122
ћдж» ”нд«Ѕ,я« —нд,2022,7,≈д«Ћ,500
ћдж» ”нд«Ѕ,джн»Џ,2022,7,–яж—,202
ћдж» ”нд«Ѕ,джн»Џ,2022,7,≈д«Ћ,582
ћдж» ”нд«Ѕ,ѕе»,2022,7,–яж—,24
ћдж» ”нд«Ѕ,ѕе»,2022,7,≈д«Ћ,161
ћдж» ”нд«Ѕ,‘—г «б‘нќ,2022,7,–яж—,209
ћдж» ”нд«Ѕ,‘—г «б‘нќ,2022,7,≈д«Ћ,408
