"المنطقة","العام","محل الاقامة","المرحلة","العدد"
"القليوبية","2015","حضر","رياض اطفال","19"
"المنوفية","2015","حضر","رياض اطفال","19"
"الغربية","2015","حضر","رياض اطفال","16"
"الدقهلية","2015","حضر","رياض اطفال","23"
"الشرقية","2015","حضر","رياض اطفال","75"
"كفر الشيخ","2015","حضر","رياض اطفال","4"
"البحيرة","2015","حضر","رياض اطفال","16"
"الاسكندرية","2015","حضر","رياض اطفال","58"
"مطروح","2015","حضر","رياض اطفال","4"
"دمياط","2015","حضر","رياض اطفال","43"
"بورسعيد","2015","حضر","رياض اطفال","5"
"الاسماعيلية","2015","حضر","رياض اطفال","28"
"السويس","2015","حضر","رياض اطفال","21"
"شمال سيناء","2015","حضر","رياض اطفال","4"
"جنوب سيناء","2015","حضر","رياض اطفال","6"
"الجيزة","2015","حضر","رياض اطفال","134"
"الفيوم","2015","حضر","رياض اطفال","10"
"المنيا","2015","حضر","رياض اطفال","30"
"بنى سويف","2015","حضر","رياض اطفال","6"
"اسيوط","2015","حضر","رياض اطفال","48"
"الوادى الجديد","2015","حضر","رياض اطفال","2"
"سوهاج","2015","حضر","رياض اطفال","39"
"قنا","2015","حضر","رياض اطفال","19"
"الأقصر","2015","حضر","رياض اطفال","4"
"البحر الاحمر","2015","حضر","رياض اطفال","18"
"اسوان","2015","حضر","رياض اطفال","17"
"الجمهورية","2015","حضر","رياض اطفال","1206"
"القاهرة","2015","ريف","رياض اطفال",
"القليوبية","2015","ريف","رياض اطفال","54"
"المنوفية","2015","ريف","رياض اطفال","76"
"الغربية","2015","ريف","رياض اطفال","9"
"الدقهلية","2015","ريف","رياض اطفال","48"
"الشرقية","2015","ريف","رياض اطفال","83"
"كفر الشيخ","2015","ريف","رياض اطفال","11"
"البحيرة","2015","ريف","رياض اطفال","40"
"الاسكندرية","2015","ريف","رياض اطفال","12"
"مطروح","2015","ريف","رياض اطفال",
"دمياط","2015","ريف","رياض اطفال","17"
"بورسعيد","2015","ريف","رياض اطفال",
"الاسماعيلية","2015","ريف","رياض اطفال",
"السويس","2015","ريف","رياض اطفال","4"
"شمال سيناء","2015","ريف","رياض اطفال",
"جنوب سيناء","2015","ريف","رياض اطفال","1"
"الجيزة","2015","ريف","رياض اطفال","8"
"الفيوم","2015","ريف","رياض اطفال","5"
"المنيا","2015","ريف","رياض اطفال","20"
"بنى سويف","2015","ريف","رياض اطفال","4"
"اسيوط","2015","ريف","رياض اطفال","10"
"الوادى الجديد","2015","ريف","رياض اطفال","2"
"سوهاج","2015","ريف","رياض اطفال","17"
"قنا","2015","ريف","رياض اطفال","4"
"الأقصر","2015","ريف","رياض اطفال","31"
"البحر الاحمر","2015","ريف","رياض اطفال",
"اسوان","2015","ريف","رياض اطفال",
"الجمهورية","2015","ريف","رياض اطفال","456"
"القاهرة","2015","حضر","ابتدائى","2106"
"القليوبية","2015","حضر","ابتدائى","218"
"المنوفية","2015","حضر","ابتدائى","172"
"الغربية","2015","حضر","ابتدائى","226"
"الدقهلية","2015","حضر","ابتدائى","357"
"الشرقية","2015","حضر","ابتدائى","566"
"كفر الشيخ","2015","حضر","ابتدائى","175"
"البحيرة","2015","حضر","ابتدائى","309"
"الاسكندرية","2015","حضر","ابتدائى","362"
"مطروح","2015","حضر","ابتدائى","97"
"دمياط","2015","حضر","ابتدائى","191"
"بورسعيد","2015","حضر","ابتدائى","112"
"الاسماعيلية","2015","حضر","ابتدائى","196"
"السويس","2015","حضر","ابتدائى","109"
"شمال سيناء","2015","حضر","ابتدائى","100"
"جنوب سيناء","2015","حضر","ابتدائى","63"
"الجيزة","2015","حضر","ابتدائى","730"
"الفيوم","2015","حضر","ابتدائى","151"
"المنيا","2015","حضر","ابتدائى","207"
"بنى سويف","2015","حضر","ابتدائى","147"
"اسيوط","2015","حضر","ابتدائى","342"
"الوادى الجديد","2015","حضر","ابتدائى","46"
"سوهاج","2015","حضر","ابتدائى","329"
"قنا","2015","حضر","ابتدائى","227"
"الأقصر","2015","حضر","ابتدائى","142"
"البحر الاحمر","2015","حضر","ابتدائى","105"
"اسوان","2015","حضر","ابتدائى","179"
"الجمهورية","2015","حضر","ابتدائى","7964"
"القاهرة","2015","ريف","ابتدائى",
"القليوبية","2015","ريف","ابتدائى","879"
"المنوفية","2015","ريف","ابتدائى","1130"
"الغربية","2015","ريف","ابتدائى","2003"
"الدقهلية","2015","ريف","ابتدائى","2254"
"الشرقية","2015","ريف","ابتدائى","2907"
"كفر الشيخ","2015","ريف","ابتدائى","1547"
"البحيرة","2015","ريف","ابتدائى","2017"
"الاسكندرية","2015","ريف","ابتدائى","211"
"مطروح","2015","ريف","ابتدائى","177"
"دمياط","2015","ريف","ابتدائى","262"
"بورسعيد","2015","ريف","ابتدائى","12"
"الاسماعيلية","2015","ريف","ابتدائى","397"
"السويس","2015","ريف","ابتدائى","64"
"شمال سيناء","2015","ريف","ابتدائى","176"
"جنوب سيناء","2015","ريف","ابتدائى","94"
"الجيزة","2015","ريف","ابتدائى","1180"
"الفيوم","2015","ريف","ابتدائى","698"
"المنيا","2015","ريف","ابتدائى","1050"
"بنى سويف","2015","ريف","ابتدائى","732"
"اسيوط","2015","ريف","ابتدائى","1064"
"الوادى الجديد","2015","ريف","ابتدائى","136"
"سوهاج","2015","ريف","ابتدائى","2128"
"قنا","2015","ريف","ابتدائى","1108"
"الأقصر","2015","ريف","ابتدائى","295"
"البحر الاحمر","2015","ريف","ابتدائى","12"
"اسوان","2015","ريف","ابتدائى","284"
"الجمهورية","2015","ريف","ابتدائى","22817"
"القاهرة","2015","حضر","اعدادى","774"
"القليوبية","2015","حضر","اعدادى","78"
"المنوفية","2015","حضر","اعدادى","86"
"الغربية","2015","حضر","اعدادى","106"
"الدقهلية","2015","حضر","اعدادى","222"
"الشرقية","2015","حضر","اعدادى","281"
"كفر الشيخ","2015","حضر","اعدادى","148"
"البحيرة","2015","حضر","اعدادى","253"
"الاسكندرية","2015","حضر","اعدادى","164"
"مطروح","2015","حضر","اعدادى","48"
"دمياط","2015","حضر","اعدادى","104"
"بورسعيد","2015","حضر","اعدادى","50"
"الاسماعيلية","2015","حضر","اعدادى","90"
"السويس","2015","حضر","اعدادى","33"
"شمال سيناء","2015","حضر","اعدادى","74"
"جنوب سيناء","2015","حضر","اعدادى","49"
"الجيزة","2015","حضر","اعدادى","215"
"الفيوم","2015","حضر","اعدادى","67"
"المنيا","2015","حضر","اعدادى","122"
"بنى سويف","2015","حضر","اعدادى","75"
"اسيوط","2015","حضر","اعدادى","146"
"الوادى الجديد","2015","حضر","اعدادى","33"
"سوهاج","2015","حضر","اعدادى","276"
"قنا","2015","حضر","اعدادى","148"
"الأقصر","2015","حضر","اعدادى","115"
"البحر الاحمر","2015","حضر","اعدادى","58"
"اسوان","2015","حضر","اعدادى","107"
"الجمهورية","2015","حضر","اعدادى","3922"
"القاهرة","2015","ريف","اعدادى",
"القليوبية","2015","ريف","اعدادى","383"
"المنوفية","2015","ريف","اعدادى","567"
"الغربية","2015","ريف","اعدادى","961"
"الدقهلية","2015","ريف","اعدادى","1086"
"الشرقية","2015","ريف","اعدادى","1478"
"كفر الشيخ","2015","ريف","اعدادى","660"
"البحيرة","2015","ريف","اعدادى","746"
"الاسكندرية","2015","ريف","اعدادى","74"
"مطروح","2015","ريف","اعدادى","76"
"دمياط","2015","ريف","اعدادى","92"
"بورسعيد","2015","ريف","اعدادى","6"
"الاسماعيلية","2015","ريف","اعدادى","134"
"السويس","2015","ريف","اعدادى","27"
"شمال سيناء","2015","ريف","اعدادى","143"
"جنوب سيناء","2015","ريف","اعدادى","89"
"الجيزة","2015","ريف","اعدادى","499"
"الفيوم","2015","ريف","اعدادى","255"
"المنيا","2015","ريف","اعدادى","470"
"بنى سويف","2015","ريف","اعدادى","286"
"اسيوط","2015","ريف","اعدادى","342"
"الوادى الجديد","2015","ريف","اعدادى","114"
"سوهاج","2015","ريف","اعدادى","951"
"قنا","2015","ريف","اعدادى","549"
"الأقصر","2015","ريف","اعدادى","186"
"البحر الاحمر","2015","ريف","اعدادى","12"
"اسوان","2015","ريف","اعدادى","143"
"الجمهورية","2015","ريف","اعدادى","10329"
"القاهرة","2015","حضر","ثانوى","730"
"القليوبية","2015","حضر","ثانوى","145"
"المنوفية","2015","حضر","ثانوى","129"
"الغربية","2015","حضر","ثانوى","182"
"الدقهلية","2015","حضر","ثانوى","310"
"الشرقية","2015","حضر","ثانوى","421"
"كفر الشيخ","2015","حضر","ثانوى","242"
"البحيرة","2015","حضر","ثانوى","351"
"الاسكندرية","2015","حضر","ثانوى","149"
"مطروح","2015","حضر","ثانوى","52"
"دمياط","2015","حضر","ثانوى","144"
"بورسعيد","2015","حضر","ثانوى","53"
"الاسماعيلية","2015","حضر","ثانوى","127"
"السويس","2015","حضر","ثانوى","27"
"شمال سيناء","2015","حضر","ثانوى","49"
"جنوب سيناء","2015","حضر","ثانوى","49"
"الجيزة","2015","حضر","ثانوى","237"
"الفيوم","2015","حضر","ثانوى","92"
"المنيا","2015","حضر","ثانوى","174"
"بنى سويف","2015","حضر","ثانوى","113"
"اسيوط","2015","حضر","ثانوى","191"
"الوادى الجديد","2015","حضر","ثانوى","48"
"سوهاج","2015","حضر","ثانوى","316"
"قنا","2015","حضر","ثانوى","190"
"الأقصر","2015","حضر","ثانوى","132"
"البحر الاحمر","2015","حضر","ثانوى","75"
"اسوان","2015","حضر","ثانوى","140"
"الجمهورية","2015","حضر","ثانوى","4868"
"القاهرة","2015","ريف","ثانوى",
"القليوبية","2015","ريف","ثانوى","286"
"المنوفية","2015","ريف","ثانوى","615"
"الغربية","2015","ريف","ثانوى","932"
"الدقهلية","2015","ريف","ثانوى","1161"
"الشرقية","2015","ريف","ثانوى","1364"
"كفر الشيخ","2015","ريف","ثانوى","594"
"البحيرة","2015","ريف","ثانوى","463"
"الاسكندرية","2015","ريف","ثانوى","42"
"مطروح","2015","ريف","ثانوى","29"
"دمياط","2015","ريف","ثانوى","67"
"بورسعيد","2015","ريف","ثانوى","6"
"الاسماعيلية","2015","ريف","ثانوى","72"
"السويس","2015","ريف","ثانوى","20"
"شمال سيناء","2015","ريف","ثانوى","67"
"جنوب سيناء","2015","ريف","ثانوى","71"
"الجيزة","2015","ريف","ثانوى","327"
"الفيوم","2015","ريف","ثانوى","141"
"المنيا","2015","ريف","ثانوى","281"
"بنى سويف","2015","ريف","ثانوى","167"
"اسيوط","2015","ريف","ثانوى","253"
"الوادى الجديد","2015","ريف","ثانوى","24"
"سوهاج","2015","ريف","ثانوى","779"
"قنا","2015","ريف","ثانوى","499"
"الأقصر","2015","ريف","ثانوى","192"
"البحر الاحمر","2015","ريف","ثانوى","12"
"اسوان","2015","ريف","ثانوى","108"
"الجمهورية","2015","ريف","ثانوى","8572"
"القاهرة","2015","حضر","قراءات","43"
"القليوبية","2015","حضر","قراءات","22"
"المنوفية","2015","حضر","قراءات","23"
"الغربية","2015","حضر","قراءات","29"
"الدقهلية","2015","حضر","قراءات","107"
"الشرقية","2015","حضر","قراءات","86"
"كفر الشيخ","2015","حضر","قراءات","21"
"البحيرة","2015","حضر","قراءات","35"
"الاسكندرية","2015","حضر","قراءات","16"
"مطروح","2015","حضر","قراءات","16"
"دمياط","2015","حضر","قراءات","16"
"بورسعيد","2015","حضر","قراءات","16"
"الاسماعيلية","2015","حضر","قراءات","30"
"السويس","2015","حضر","قراءات","10"
"شمال سيناء","2015","حضر","قراءات","26"
"جنوب سيناء","2015","حضر","قراءات","9"
"الجيزة","2015","حضر","قراءات","26"
"الفيوم","2015","حضر","قراءات","16"
"المنيا","2015","حضر","قراءات","48"
"بنى سويف","2015","حضر","قراءات","16"
"اسيوط","2015","حضر","قراءات","45"
"الوادى الجديد","2015","حضر","قراءات","15"
"سوهاج","2015","حضر","قراءات","52"
"قنا","2015","حضر","قراءات","64"
"الأقصر","2015","حضر","قراءات","48"
"البحر الاحمر","2015","حضر","قراءات","25"
"اسوان","2015","حضر","قراءات","33"
"الجمهورية","2015","حضر","قراءات","893"
"القاهرة","2015","ريف","قراءات",
"القليوبية","2015","ريف","قراءات",
"المنوفية","2015","ريف","قراءات","16"
"الغربية","2015","ريف","قراءات",
"الدقهلية","2015","ريف","قراءات","35"
"الشرقية","2015","ريف","قراءات","99"
"كفر الشيخ","2015","ريف","قراءات",
"البحيرة","2015","ريف","قراءات","7"
"الاسكندرية","2015","ريف","قراءات",
"مطروح","2015","ريف","قراءات","8"
"دمياط","2015","ريف","قراءات",
"بورسعيد","2015","ريف","قراءات",
"الاسماعيلية","2015","ريف","قراءات",
"السويس","2015","ريف","قراءات",
"شمال سيناء","2015","ريف","قراءات",
"جنوب سيناء","2015","ريف","قراءات",
"الجيزة","2015","ريف","قراءات","24"
"الفيوم","2015","ريف","قراءات","5"
"المنيا","2015","ريف","قراءات",
"بنى سويف","2015","ريف","قراءات","11"
"اسيوط","2015","ريف","قراءات","8"
"الوادى الجديد","2015","ريف","قراءات",
"سوهاج","2015","ريف","قراءات",
"قنا","2015","ريف","قراءات",
"الأقصر","2015","ريف","قراءات",
"البحر الاحمر","2015","ريف","قراءات",
"اسوان","2015","ريف","قراءات",
"الجمهورية","2015","ريف","قراءات","213"
"القاهرة","2016","حضر","رياض اطفال","518"
"القليوبية","2016","حضر","رياض اطفال","19"
"المنوفية","2016","حضر","رياض اطفال","20"
"الغربية","2016","حضر","رياض اطفال","15"
"الدقهلية","2016","حضر","رياض اطفال","29"
"الشرقية","2016","حضر","رياض اطفال","74"
"كفر الشيخ","2016","حضر","رياض اطفال","4"
"البحيرة","2016","حضر","رياض اطفال","25"
"الاسكندرية","2016","حضر","رياض اطفال","58"
"مطروح","2016","حضر","رياض اطفال","5"
"دمياط","2016","حضر","رياض اطفال","41"
"بورسعيد","2016","حضر","رياض اطفال","7"
"الاسماعيلية","2016","حضر","رياض اطفال","28"
"السويس","2016","حضر","رياض اطفال","20"
"شمال سيناء","2016","حضر","رياض اطفال","5"
"جنوب سيناء","2016","حضر","رياض اطفال","8"
"الجيزة","2016","حضر","رياض اطفال","139"
"الفيوم","2016","حضر","رياض اطفال","10"
"المنيا","2016","حضر","رياض اطفال","22"
"بنى سويف","2016","حضر","رياض اطفال","7"
"اسيوط","2016","حضر","رياض اطفال","52"
"الوادى الجديد","2016","حضر","رياض اطفال","6"
"سوهاج","2016","حضر","رياض اطفال","47"
"قنا","2016","حضر","رياض اطفال","29"
"الأقصر","2016","حضر","رياض اطفال","5"
"البحر الاحمر","2016","حضر","رياض اطفال","19"
"اسوان","2016","حضر","رياض اطفال","29"
"الجمهورية","2016","حضر","رياض اطفال","1241"
"القاهرة","2016","ريف","رياض اطفال",
"القليوبية","2016","ريف","رياض اطفال","61"
"المنوفية","2016","ريف","رياض اطفال","80"
"الغربية","2016","ريف","رياض اطفال","15"
"الدقهلية","2016","ريف","رياض اطفال","75"
"الشرقية","2016","ريف","رياض اطفال","92"
"كفر الشيخ","2016","ريف","رياض اطفال","8"
"البحيرة","2016","ريف","رياض اطفال","79"
"الاسكندرية","2016","ريف","رياض اطفال","12"
"مطروح","2016","ريف","رياض اطفال",
"دمياط","2016","ريف","رياض اطفال","22"
"بورسعيد","2016","ريف","رياض اطفال",
"الاسماعيلية","2016","ريف","رياض اطفال","9"
"السويس","2016","ريف","رياض اطفال","4"
"شمال سيناء","2016","ريف","رياض اطفال","1"
"جنوب سيناء","2016","ريف","رياض اطفال","7"
"الجيزة","2016","ريف","رياض اطفال","11"
"الفيوم","2016","ريف","رياض اطفال","5"
"المنيا","2016","ريف","رياض اطفال","27"
"بنى سويف","2016","ريف","رياض اطفال","8"
"اسيوط","2016","ريف","رياض اطفال","13"
"الوادى الجديد","2016","ريف","رياض اطفال","18"
"سوهاج","2016","ريف","رياض اطفال","56"
"قنا","2016","ريف","رياض اطفال","37"
"الأقصر","2016","ريف","رياض اطفال","42"
"البحر الاحمر","2016","ريف","رياض اطفال",
"اسوان","2016","ريف","رياض اطفال","9"
"الجمهورية","2016","ريف","رياض اطفال","691"
"القاهرة","2016","حضر","ابتدائى","2084"
"القليوبية","2016","حضر","ابتدائى","212"
"المنوفية","2016","حضر","ابتدائى","169"
"الغربية","2016","حضر","ابتدائى","218"
"الدقهلية","2016","حضر","ابتدائى","351"
"الشرقية","2016","حضر","ابتدائى","553"
"كفر الشيخ","2016","حضر","ابتدائى","168"
"البحيرة","2016","حضر","ابتدائى","302"
"الاسكندرية","2016","حضر","ابتدائى","356"
"مطروح","2016","حضر","ابتدائى","97"
"دمياط","2016","حضر","ابتدائى","186"
"بورسعيد","2016","حضر","ابتدائى","113"
"الاسماعيلية","2016","حضر","ابتدائى","191"
"السويس","2016","حضر","ابتدائى","89"
"شمال سيناء","2016","حضر","ابتدائى","107"
"جنوب سيناء","2016","حضر","ابتدائى","63"
"الجيزة","2016","حضر","ابتدائى","727"
"الفيوم","2016","حضر","ابتدائى","150"
"المنيا","2016","حضر","ابتدائى","203"
"بنى سويف","2016","حضر","ابتدائى","142"
"اسيوط","2016","حضر","ابتدائى","348"
"الوادى الجديد","2016","حضر","ابتدائى","48"
"سوهاج","2016","حضر","ابتدائى","342"
"قنا","2016","حضر","ابتدائى","226"
"الأقصر","2016","حضر","ابتدائى","139"
"البحر الاحمر","2016","حضر","ابتدائى","107"
"اسوان","2016","حضر","ابتدائى","174"
"الجمهورية","2016","حضر","ابتدائى","7865"
"القاهرة","2016","ريف","ابتدائى",
"القليوبية","2016","ريف","ابتدائى","855"
"المنوفية","2016","ريف","ابتدائى","1112"
"الغربية","2016","ريف","ابتدائى","1938"
"الدقهلية","2016","ريف","ابتدائى","2218"
"الشرقية","2016","ريف","ابتدائى","2860"
"كفر الشيخ","2016","ريف","ابتدائى","1484"
"البحيرة","2016","ريف","ابتدائى","1996"
"الاسكندرية","2016","ريف","ابتدائى","207"
"مطروح","2016","ريف","ابتدائى","182"
"دمياط","2016","ريف","ابتدائى","257"
"بورسعيد","2016","ريف","ابتدائى","12"
"الاسماعيلية","2016","ريف","ابتدائى","392"
"السويس","2016","ريف","ابتدائى","63"
"شمال سيناء","2016","ريف","ابتدائى","172"
"جنوب سيناء","2016","ريف","ابتدائى","93"
"الجيزة","2016","ريف","ابتدائى","1113"
"الفيوم","2016","ريف","ابتدائى","684"
"المنيا","2016","ريف","ابتدائى","1035"
"بنى سويف","2016","ريف","ابتدائى","718"
"اسيوط","2016","ريف","ابتدائى","1021"
"الوادى الجديد","2016","ريف","ابتدائى","137"
"سوهاج","2016","ريف","ابتدائى","2148"
"قنا","2016","ريف","ابتدائى","1103"
"الأقصر","2016","ريف","ابتدائى","287"
"البحر الاحمر","2016","ريف","ابتدائى","12"
"اسوان","2016","ريف","ابتدائى","281"
"الجمهورية","2016","ريف","ابتدائى","22380"
"القاهرة","2016","حضر","اعدادى","789"
"القليوبية","2016","حضر","اعدادى","68"
"المنوفية","2016","حضر","اعدادى","82"
"الغربية","2016","حضر","اعدادى","103"
"الدقهلية","2016","حضر","اعدادى","202"
"الشرقية","2016","حضر","اعدادى","256"
"كفر الشيخ","2016","حضر","اعدادى","141"
"البحيرة","2016","حضر","اعدادى","222"
"الاسكندرية","2016","حضر","اعدادى","157"
"مطروح","2016","حضر","اعدادى","50"
"دمياط","2016","حضر","اعدادى","106"
"بورسعيد","2016","حضر","اعدادى","48"
"الاسماعيلية","2016","حضر","اعدادى","82"
"السويس","2016","حضر","اعدادى","31"
"شمال سيناء","2016","حضر","اعدادى","70"
"جنوب سيناء","2016","حضر","اعدادى","52"
"الجيزة","2016","حضر","اعدادى","211"
"الفيوم","2016","حضر","اعدادى","64"
"المنيا","2016","حضر","اعدادى","109"
"بنى سويف","2016","حضر","اعدادى","75"
"اسيوط","2016","حضر","اعدادى","139"
"الوادى الجديد","2016","حضر","اعدادى","31"
"سوهاج","2016","حضر","اعدادى","265"
"قنا","2016","حضر","اعدادى","134"
"الأقصر","2016","حضر","اعدادى","109"
"البحر الاحمر","2016","حضر","اعدادى","58"
"اسوان","2016","حضر","اعدادى","104"
"الجمهورية","2016","حضر","اعدادى","3758"
"القاهرة","2016","ريف","اعدادى",
"القليوبية","2016","ريف","اعدادى","359"
"المنوفية","2016","ريف","اعدادى","558"
"الغربية","2016","ريف","اعدادى","952"
"الدقهلية","2016","ريف","اعدادى","1041"
"الشرقية","2016","ريف","اعدادى","1415"
"كفر الشيخ","2016","ريف","اعدادى","645"
"البحيرة","2016","ريف","اعدادى","737"
"الاسكندرية","2016","ريف","اعدادى","70"
"مطروح","2016","ريف","اعدادى","75"
"دمياط","2016","ريف","اعدادى","92"
"بورسعيد","2016","ريف","اعدادى","6"
"الاسماعيلية","2016","ريف","اعدادى","135"
"السويس","2016","ريف","اعدادى","27"
"شمال سيناء","2016","ريف","اعدادى","148"
"جنوب سيناء","2016","ريف","اعدادى","93"
"الجيزة","2016","ريف","اعدادى","472"
"الفيوم","2016","ريف","اعدادى","253"
"المنيا","2016","ريف","اعدادى","468"
"بنى سويف","2016","ريف","اعدادى","288"
"اسيوط","2016","ريف","اعدادى","356"
"الوادى الجديد","2016","ريف","اعدادى","104"
"سوهاج","2016","ريف","اعدادى","929"
"قنا","2016","ريف","اعدادى","516"
"الأقصر","2016","ريف","اعدادى","186"
"البحر الاحمر","2016","ريف","اعدادى","12"
"اسوان","2016","ريف","اعدادى","142"
"الجمهورية","2016","ريف","اعدادى","10079"
"القاهرة","2016","حضر","ثانوى","772"
"القليوبية","2016","حضر","ثانوى","120"
"المنوفية","2016","حضر","ثانوى","124"
"الغربية","2016","حضر","ثانوى","173"
"الدقهلية","2016","حضر","ثانوى","314"
"الشرقية","2016","حضر","ثانوى","450"
"كفر الشيخ","2016","حضر","ثانوى","224"
"البحيرة","2016","حضر","ثانوى","354"
"الاسكندرية","2016","حضر","ثانوى","142"
"مطروح","2016","حضر","ثانوى","53"
"دمياط","2016","حضر","ثانوى","142"
"بورسعيد","2016","حضر","ثانوى","55"
"الاسماعيلية","2016","حضر","ثانوى","129"
"السويس","2016","حضر","ثانوى","24"
"شمال سيناء","2016","حضر","ثانوى","51"
"جنوب سيناء","2016","حضر","ثانوى","50"
"الجيزة","2016","حضر","ثانوى","240"
"الفيوم","2016","حضر","ثانوى","86"
"المنيا","2016","حضر","ثانوى","160"
"بنى سويف","2016","حضر","ثانوى","109"
"اسيوط","2016","حضر","ثانوى","176"
"الوادى الجديد","2016","حضر","ثانوى","41"
"سوهاج","2016","حضر","ثانوى","315"
"قنا","2016","حضر","ثانوى","191"
"الأقصر","2016","حضر","ثانوى","128"
"البحر الاحمر","2016","حضر","ثانوى","69"
"اسوان","2016","حضر","ثانوى","127"
"الجمهورية","2016","حضر","ثانوى","4819"
"القاهرة","2016","ريف","ثانوى",
"القليوبية","2016","ريف","ثانوى","305"
"المنوفية","2016","ريف","ثانوى","621"
"الغربية","2016","ريف","ثانوى","926"
"الدقهلية","2016","ريف","ثانوى","1178"
"الشرقية","2016","ريف","ثانوى","1436"
"كفر الشيخ","2016","ريف","ثانوى","548"
"البحيرة","2016","ريف","ثانوى","461"
"الاسكندرية","2016","ريف","ثانوى","43"
"مطروح","2016","ريف","ثانوى","29"
"دمياط","2016","ريف","ثانوى","66"
"بورسعيد","2016","ريف","ثانوى","6"
"الاسماعيلية","2016","ريف","ثانوى","78"
"السويس","2016","ريف","ثانوى","19"
"شمال سيناء","2016","ريف","ثانوى","65"
"جنوب سيناء","2016","ريف","ثانوى","73"
"الجيزة","2016","ريف","ثانوى","318"
"الفيوم","2016","ريف","ثانوى","137"
"المنيا","2016","ريف","ثانوى","265"
"بنى سويف","2016","ريف","ثانوى","173"
"اسيوط","2016","ريف","ثانوى","229"
"الوادى الجديد","2016","ريف","ثانوى","24"
"سوهاج","2016","ريف","ثانوى","738"
"قنا","2016","ريف","ثانوى","502"
"الأقصر","2016","ريف","ثانوى","187"
"البحر الاحمر","2016","ريف","ثانوى","11"
"اسوان","2016","ريف","ثانوى","100"
"الجمهورية","2016","ريف","ثانوى","8538"
"القاهرة","2016","حضر","قراءات","19"
"القليوبية","2016","حضر","قراءات","21"
"المنوفية","2016","حضر","قراءات","17"
"الغربية","2016","حضر","قراءات","20"
"الدقهلية","2016","حضر","قراءات","99"
"الشرقية","2016","حضر","قراءات","74"
"كفر الشيخ","2016","حضر","قراءات","16"
"البحيرة","2016","حضر","قراءات","36"
"الاسكندرية","2016","حضر","قراءات","18"
"مطروح","2016","حضر","قراءات","16"
"دمياط","2016","حضر","قراءات","15"
"بورسعيد","2016","حضر","قراءات","16"
"الاسماعيلية","2016","حضر","قراءات","26"
"السويس","2016","حضر","قراءات","8"
"شمال سيناء","2016","حضر","قراءات","23"
"جنوب سيناء","2016","حضر","قراءات","9"
"الجيزة","2016","حضر","قراءات","24"
"الفيوم","2016","حضر","قراءات","16"
"المنيا","2016","حضر","قراءات","51"
"بنى سويف","2016","حضر","قراءات","16"
"اسيوط","2016","حضر","قراءات","42"
"الوادى الجديد","2016","حضر","قراءات","12"
"سوهاج","2016","حضر","قراءات","46"
"قنا","2016","حضر","قراءات","47"
"الأقصر","2016","حضر","قراءات","36"
"البحر الاحمر","2016","حضر","قراءات","21"
"اسوان","2016","حضر","قراءات","31"
"الجمهورية","2016","حضر","قراءات","775"
"القاهرة","2016","ريف","قراءات",
"القليوبية","2016","ريف","قراءات",
"المنوفية","2016","ريف","قراءات","16"
"الغربية","2016","ريف","قراءات",
"الدقهلية","2016","ريف","قراءات","32"
"الشرقية","2016","ريف","قراءات","69"
"كفر الشيخ","2016","ريف","قراءات",
"البحيرة","2016","ريف","قراءات","7"
"الاسكندرية","2016","ريف","قراءات",
"مطروح","2016","ريف","قراءات","1"
"دمياط","2016","ريف","قراءات",
"بورسعيد","2016","ريف","قراءات",
"الاسماعيلية","2016","ريف","قراءات",
"السويس","2016","ريف","قراءات",
"شمال سيناء","2016","ريف","قراءات",
"جنوب سيناء","2016","ريف","قراءات",
"الجيزة","2016","ريف","قراءات","24"
"الفيوم","2016","ريف","قراءات","5"
"المنيا","2016","ريف","قراءات",
"بنى سويف","2016","ريف","قراءات","9"
"اسيوط","2016","ريف","قراءات","8"
"الوادى الجديد","2016","ريف","قراءات",
"سوهاج","2016","ريف","قراءات",
"قنا","2016","ريف","قراءات",
"الأقصر","2016","ريف","قراءات",
"البحر الاحمر","2016","ريف","قراءات",
"اسوان","2016","ريف","قراءات",
"الجمهورية","2016","ريف","قراءات","171"
"القاهرة","2017","حضر","رياض اطفال","494"
"القليوبية","2017","حضر","رياض اطفال","16"
"المنوفية","2017","حضر","رياض اطفال","21"
"الغربية","2017","حضر","رياض اطفال","19"
"الدقهلية","2017","حضر","رياض اطفال","35"
"الشرقية","2017","حضر","رياض اطفال","76"
"كفر الشيخ","2017","حضر","رياض اطفال","4"
"البحيرة","2017","حضر","رياض اطفال","29"
"الاسكندرية","2017","حضر","رياض اطفال","63"
"مطروح","2017","حضر","رياض اطفال","7"
"دمياط","2017","حضر","رياض اطفال","43"
"بورسعيد","2017","حضر","رياض اطفال","9"
"الاسماعيلية","2017","حضر","رياض اطفال","24"
"السويس","2017","حضر","رياض اطفال","20"
"شمال سيناء","2017","حضر","رياض اطفال","9"
"جنوب سيناء","2017","حضر","رياض اطفال","6"
"الجيزة","2017","حضر","رياض اطفال","143"
"الفيوم","2017","حضر","رياض اطفال","14"
"المنيا","2017","حضر","رياض اطفال","28"
"بنى سويف","2017","حضر","رياض اطفال","11"
"اسيوط","2017","حضر","رياض اطفال","54"
"الوادى الجديد","2017","حضر","رياض اطفال","8"
"سوهاج","2017","حضر","رياض اطفال","50"
"قنا","2017","حضر","رياض اطفال","31"
"الأقصر","2017","حضر","رياض اطفال","6"
"البحر الاحمر","2017","حضر","رياض اطفال","25"
"اسوان","2017","حضر","رياض اطفال","36"
"الجمهورية","2017","حضر","رياض اطفال","1281"
"القاهرة","2017","ريف","رياض اطفال",
"القليوبية","2017","ريف","رياض اطفال","59"
"المنوفية","2017","ريف","رياض اطفال","100"
"الغربية","2017","ريف","رياض اطفال","49"
"الدقهلية","2017","ريف","رياض اطفال","159"
"الشرقية","2017","ريف","رياض اطفال","143"
"كفر الشيخ","2017","ريف","رياض اطفال","10"
"البحيرة","2017","ريف","رياض اطفال","131"
"الاسكندرية","2017","ريف","رياض اطفال","15"
"مطروح","2017","ريف","رياض اطفال","9"
"دمياط","2017","ريف","رياض اطفال","23"
"بورسعيد","2017","ريف","رياض اطفال",
"الاسماعيلية","2017","ريف","رياض اطفال","27"
"السويس","2017","ريف","رياض اطفال","4"
"شمال سيناء","2017","ريف","رياض اطفال","10"
"جنوب سيناء","2017","ريف","رياض اطفال","14"
"الجيزة","2017","ريف","رياض اطفال","15"
"الفيوم","2017","ريف","رياض اطفال","15"
"المنيا","2017","ريف","رياض اطفال","42"
"بنى سويف","2017","ريف","رياض اطفال","21"
"اسيوط","2017","ريف","رياض اطفال","32"
"الوادى الجديد","2017","ريف","رياض اطفال","35"
"سوهاج","2017","ريف","رياض اطفال","103"
"قنا","2017","ريف","رياض اطفال","54"
"الأقصر","2017","ريف","رياض اطفال","55"
"البحر الاحمر","2017","ريف","رياض اطفال","2"
"اسوان","2017","ريف","رياض اطفال","23"
"الجمهورية","2017","ريف","رياض اطفال","1150"
"القاهرة","2017","حضر","ابتدائى","1976"
"القليوبية","2017","حضر","ابتدائى","198"
"المنوفية","2017","حضر","ابتدائى","169"
"الغربية","2017","حضر","ابتدائى","211"
"الدقهلية","2017","حضر","ابتدائى","340"
"الشرقية","2017","حضر","ابتدائى","548"
"كفر الشيخ","2017","حضر","ابتدائى","161"
"البحيرة","2017","حضر","ابتدائى","303"
"الاسكندرية","2017","حضر","ابتدائى","355"
"مطروح","2017","حضر","ابتدائى","95"
"دمياط","2017","حضر","ابتدائى","182"
"بورسعيد","2017","حضر","ابتدائى","111"
"الاسماعيلية","2017","حضر","ابتدائى","188"
"السويس","2017","حضر","ابتدائى","94"
"شمال سيناء","2017","حضر","ابتدائى","103"
"جنوب سيناء","2017","حضر","ابتدائى","62"
"الجيزة","2017","حضر","ابتدائى","714"
"الفيوم","2017","حضر","ابتدائى","148"
"المنيا","2017","حضر","ابتدائى","200"
"بنى سويف","2017","حضر","ابتدائى","142"
"اسيوط","2017","حضر","ابتدائى","338"
"الوادى الجديد","2017","حضر","ابتدائى","47"
"سوهاج","2017","حضر","ابتدائى","309"
"قنا","2017","حضر","ابتدائى","219"
"الأقصر","2017","حضر","ابتدائى","138"
"البحر الاحمر","2017","حضر","ابتدائى","107"
"اسوان","2017","حضر","ابتدائى","178"
"الجمهورية","2017","حضر","ابتدائى","7636"
"القاهرة","2017","ريف","ابتدائى",
"القليوبية","2017","ريف","ابتدائى","827"
"المنوفية","2017","ريف","ابتدائى","1110"
"الغربية","2017","ريف","ابتدائى","1913"
"الدقهلية","2017","ريف","ابتدائى","2189"
"الشرقية","2017","ريف","ابتدائى","2787"
"كفر الشيخ","2017","ريف","ابتدائى","1446"
"البحيرة","2017","ريف","ابتدائى","1990"
"الاسكندرية","2017","ريف","ابتدائى","216"
"مطروح","2017","ريف","ابتدائى","183"
"دمياط","2017","ريف","ابتدائى","261"
"بورسعيد","2017","ريف","ابتدائى","12"
"الاسماعيلية","2017","ريف","ابتدائى","390"
"السويس","2017","ريف","ابتدائى","62"
"شمال سيناء","2017","ريف","ابتدائى","186"
"جنوب سيناء","2017","ريف","ابتدائى","94"
"الجيزة","2017","ريف","ابتدائى","1141"
"الفيوم","2017","ريف","ابتدائى","671"
"المنيا","2017","ريف","ابتدائى","1047"
"بنى سويف","2017","ريف","ابتدائى","703"
"اسيوط","2017","ريف","ابتدائى","1008"
"الوادى الجديد","2017","ريف","ابتدائى","138"
"سوهاج","2017","ريف","ابتدائى","2082"
"قنا","2017","ريف","ابتدائى","1105"
"الأقصر","2017","ريف","ابتدائى","293"
"البحر الاحمر","2017","ريف","ابتدائى","12"
"اسوان","2017","ريف","ابتدائى","284"
"الجمهورية","2017","ريف","ابتدائى","22150"
"القاهرة","2017","حضر","اعدادى","777"
"القليوبية","2017","حضر","اعدادى","63"
"المنوفية","2017","حضر","اعدادى","89"
"الغربية","2017","حضر","اعدادى","93"
"الدقهلية","2017","حضر","اعدادى","179"
"الشرقية","2017","حضر","اعدادى","257"
"كفر الشيخ","2017","حضر","اعدادى","134"
"البحيرة","2017","حضر","اعدادى","236"
"الاسكندرية","2017","حضر","اعدادى","153"
"مطروح","2017","حضر","اعدادى","54"
"دمياط","2017","حضر","اعدادى","107"
"بورسعيد","2017","حضر","اعدادى","46"
"الاسماعيلية","2017","حضر","اعدادى","78"
"السويس","2017","حضر","اعدادى","33"
"شمال سيناء","2017","حضر","اعدادى","68"
"جنوب سيناء","2017","حضر","اعدادى","49"
"الجيزة","2017","حضر","اعدادى","211"
"الفيوم","2017","حضر","اعدادى","65"
"المنيا","2017","حضر","اعدادى","105"
"بنى سويف","2017","حضر","اعدادى","71"
"اسيوط","2017","حضر","اعدادى","144"
"الوادى الجديد","2017","حضر","اعدادى","33"
"سوهاج","2017","حضر","اعدادى","258"
"قنا","2017","حضر","اعدادى","127"
"الأقصر","2017","حضر","اعدادى","98"
"البحر الاحمر","2017","حضر","اعدادى","57"
"اسوان","2017","حضر","اعدادى","101"
"الجمهورية","2017","حضر","اعدادى","3686"
"القاهرة","2017","ريف","اعدادى",
"القليوبية","2017","ريف","اعدادى","361"
"المنوفية","2017","ريف","اعدادى","559"
"الغربية","2017","ريف","اعدادى","941"
"الدقهلية","2017","ريف","اعدادى","1020"
"الشرقية","2017","ريف","اعدادى","1392"
"كفر الشيخ","2017","ريف","اعدادى","622"
"البحيرة","2017","ريف","اعدادى","772"
"الاسكندرية","2017","ريف","اعدادى","71"
"مطروح","2017","ريف","اعدادى","79"
"دمياط","2017","ريف","اعدادى","93"
"بورسعيد","2017","ريف","اعدادى","6"
"الاسماعيلية","2017","ريف","اعدادى","132"
"السويس","2017","ريف","اعدادى","27"
"شمال سيناء","2017","ريف","اعدادى","145"
"جنوب سيناء","2017","ريف","اعدادى","88"
"الجيزة","2017","ريف","اعدادى","482"
"الفيوم","2017","ريف","اعدادى","257"
"المنيا","2017","ريف","اعدادى","464"
"بنى سويف","2017","ريف","اعدادى","291"
"اسيوط","2017","ريف","اعدادى","350"
"الوادى الجديد","2017","ريف","اعدادى","111"
"سوهاج","2017","ريف","اعدادى","898"
"قنا","2017","ريف","اعدادى","490"
"الأقصر","2017","ريف","اعدادى","178"
"البحر الاحمر","2017","ريف","اعدادى","11"
"اسوان","2017","ريف","اعدادى","141"
"الجمهورية","2017","ريف","اعدادى","9981"
"القاهرة","2017","حضر","ثانوى","704"
"القليوبية","2017","حضر","ثانوى","137"
"المنوفية","2017","حضر","ثانوى","123"
"الغربية","2017","حضر","ثانوى","168"
"الدقهلية","2017","حضر","ثانوى","296"
"الشرقية","2017","حضر","ثانوى","417"
"كفر الشيخ","2017","حضر","ثانوى","223"
"البحيرة","2017","حضر","ثانوى","348"
"الاسكندرية","2017","حضر","ثانوى","140"
"مطروح","2017","حضر","ثانوى","54"
"دمياط","2017","حضر","ثانوى","140"
"بورسعيد","2017","حضر","ثانوى","53"
"الاسماعيلية","2017","حضر","ثانوى","130"
"السويس","2017","حضر","ثانوى","26"
"شمال سيناء","2017","حضر","ثانوى","51"
"جنوب سيناء","2017","حضر","ثانوى","56"
"الجيزة","2017","حضر","ثانوى","226"
"الفيوم","2017","حضر","ثانوى","88"
"المنيا","2017","حضر","ثانوى","159"
"بنى سويف","2017","حضر","ثانوى","103"
"اسيوط","2017","حضر","ثانوى","191"
"الوادى الجديد","2017","حضر","ثانوى","45"
"سوهاج","2017","حضر","ثانوى","295"
"قنا","2017","حضر","ثانوى","179"
"الأقصر","2017","حضر","ثانوى","124"
"البحر الاحمر","2017","حضر","ثانوى","78"
"اسوان","2017","حضر","ثانوى","134"
"الجمهورية","2017","حضر","ثانوى","4688"
"القاهرة","2017","ريف","ثانوى",
"القليوبية","2017","ريف","ثانوى","296"
"المنوفية","2017","ريف","ثانوى","609"
"الغربية","2017","ريف","ثانوى","916"
"الدقهلية","2017","ريف","ثانوى","1211"
"الشرقية","2017","ريف","ثانوى","1421"
"كفر الشيخ","2017","ريف","ثانوى","543"
"البحيرة","2017","ريف","ثانوى","472"
"الاسكندرية","2017","ريف","ثانوى","39"
"مطروح","2017","ريف","ثانوى","30"
"دمياط","2017","ريف","ثانوى","67"
"بورسعيد","2017","ريف","ثانوى","6"
"الاسماعيلية","2017","ريف","ثانوى","80"
"السويس","2017","ريف","ثانوى","21"
"شمال سيناء","2017","ريف","ثانوى","72"
"جنوب سيناء","2017","ريف","ثانوى","68"
"الجيزة","2017","ريف","ثانوى","320"
"الفيوم","2017","ريف","ثانوى","143"
"المنيا","2017","ريف","ثانوى","269"
"بنى سويف","2017","ريف","ثانوى","173"
"اسيوط","2017","ريف","ثانوى","242"
"الوادى الجديد","2017","ريف","ثانوى","36"
"سوهاج","2017","ريف","ثانوى","726"
"قنا","2017","ريف","ثانوى","493"
"الأقصر","2017","ريف","ثانوى","197"
"البحر الاحمر","2017","ريف","ثانوى","12"
"اسوان","2017","ريف","ثانوى","109"
"الجمهورية","2017","ريف","ثانوى","8571"
"القاهرة","2017","حضر","قراءات","19"
"القليوبية","2017","حضر","قراءات","16"
"المنوفية","2017","حضر","قراءات","18"
"الغربية","2017","حضر","قراءات","16"
"الدقهلية","2017","حضر","قراءات","73"
"الشرقية","2017","حضر","قراءات","53"
"كفر الشيخ","2017","حضر","قراءات","16"
"البحيرة","2017","حضر","قراءات","36"
"الاسكندرية","2017","حضر","قراءات","16"
"مطروح","2017","حضر","قراءات","16"
"دمياط","2017","حضر","قراءات","16"
"بورسعيد","2017","حضر","قراءات","16"
"الاسماعيلية","2017","حضر","قراءات","24"
"السويس","2017","حضر","قراءات","9"
"شمال سيناء","2017","حضر","قراءات","16"
"جنوب سيناء","2017","حضر","قراءات","8"
"الجيزة","2017","حضر","قراءات","22"
"الفيوم","2017","حضر","قراءات","16"
"المنيا","2017","حضر","قراءات","39"
"بنى سويف","2017","حضر","قراءات","16"
"اسيوط","2017","حضر","قراءات","41"
"الوادى الجديد","2017","حضر","قراءات","9"
"سوهاج","2017","حضر","قراءات","37"
"قنا","2017","حضر","قراءات","38"
"الأقصر","2017","حضر","قراءات","35"
"البحر الاحمر","2017","حضر","قراءات","25"
"اسوان","2017","حضر","قراءات","28"
"الجمهورية","2017","حضر","قراءات","674"
"القاهرة","2017","ريف","قراءات",
"القليوبية","2017","ريف","قراءات",
"المنوفية","2017","ريف","قراءات","12"
"الغربية","2017","ريف","قراءات",
"الدقهلية","2017","ريف","قراءات","24"
"الشرقية","2017","ريف","قراءات","51"
"كفر الشيخ","2017","ريف","قراءات",
"البحيرة","2017","ريف","قراءات",
"الاسكندرية","2017","ريف","قراءات",
"مطروح","2017","ريف","قراءات","2"
"دمياط","2017","ريف","قراءات",
"بورسعيد","2017","ريف","قراءات",
"الاسماعيلية","2017","ريف","قراءات",
"السويس","2017","ريف","قراءات",
"شمال سيناء","2017","ريف","قراءات",
"جنوب سيناء","2017","ريف","قراءات",
"الجيزة","2017","ريف","قراءات","19"
"الفيوم","2017","ريف","قراءات","3"
"المنيا","2017","ريف","قراءات",
"بنى سويف","2017","ريف","قراءات","5"
"اسيوط","2017","ريف","قراءات","7"
"الوادى الجديد","2017","ريف","قراءات",
"سوهاج","2017","ريف","قراءات",
"قنا","2017","ريف","قراءات",
"الأقصر","2017","ريف","قراءات",
"البحر الاحمر","2017","ريف","قراءات",
"اسوان","2017","ريف","قراءات",
"الجمهورية","2017","ريف","قراءات","123"
"القاهرة","2018","حضر","رياض اطفال","512"
"القليوبية","2018","حضر","رياض اطفال","17"
"المنوفية","2018","حضر","رياض اطفال","29"
"الغربية","2018","حضر","رياض اطفال","32"
"الدقهلية","2018","حضر","رياض اطفال","42"
"الشرقية","2018","حضر","رياض اطفال","92"
"كفر الشيخ","2018","حضر","رياض اطفال","9"
"البحيرة","2018","حضر","رياض اطفال","29"
"الاسكندرية","2018","حضر","رياض اطفال","58"
"مطروح","2018","حضر","رياض اطفال","13"
"دمياط","2018","حضر","رياض اطفال","51"
"بورسعيد","2018","حضر","رياض اطفال","11"
"الاسماعيلية","2018","حضر","رياض اطفال","28"
"السويس","2018","حضر","رياض اطفال","24"
"شمال سيناء","2018","حضر","رياض اطفال","12"
"جنوب سيناء","2018","حضر","رياض اطفال","8"
"الجيزة","2018","حضر","رياض اطفال","157"
"الفيوم","2018","حضر","رياض اطفال","24"
"المنيا","2018","حضر","رياض اطفال","31"
"بنى سويف","2018","حضر","رياض اطفال","16"
"اسيوط","2018","حضر","رياض اطفال","66"
"الوادى الجديد","2018","حضر","رياض اطفال","6"
"سوهاج","2018","حضر","رياض اطفال","51"
"قنا","2018","حضر","رياض اطفال","36"
"الأقصر","2018","حضر","رياض اطفال","11"
"البحر الاحمر","2018","حضر","رياض اطفال","26"
"اسوان","2018","حضر","رياض اطفال","36"
"الجمهورية","2018","حضر","رياض اطفال","1427"
"القاهرة","2018","ريف","رياض اطفال",
"القليوبية","2018","ريف","رياض اطفال","64"
"المنوفية","2018","ريف","رياض اطفال","119"
"الغربية","2018","ريف","رياض اطفال","130"
"الدقهلية","2018","ريف","رياض اطفال","223"
"الشرقية","2018","ريف","رياض اطفال","216"
"كفر الشيخ","2018","ريف","رياض اطفال","53"
"البحيرة","2018","ريف","رياض اطفال","166"
"الاسكندرية","2018","ريف","رياض اطفال","14"
"مطروح","2018","ريف","رياض اطفال","16"
"دمياط","2018","ريف","رياض اطفال","24"
"بورسعيد","2018","ريف","رياض اطفال",
"الاسماعيلية","2018","ريف","رياض اطفال","33"
"السويس","2018","ريف","رياض اطفال","7"
"شمال سيناء","2018","ريف","رياض اطفال","13"
"جنوب سيناء","2018","ريف","رياض اطفال","17"
"الجيزة","2018","ريف","رياض اطفال","19"
"الفيوم","2018","ريف","رياض اطفال","67"
"المنيا","2018","ريف","رياض اطفال","72"
"بنى سويف","2018","ريف","رياض اطفال","44"
"اسيوط","2018","ريف","رياض اطفال","39"
"الوادى الجديد","2018","ريف","رياض اطفال","29"
"سوهاج","2018","ريف","رياض اطفال","122"
"قنا","2018","ريف","رياض اطفال","99"
"الأقصر","2018","ريف","رياض اطفال","78"
"البحر الاحمر","2018","ريف","رياض اطفال","2"
"اسوان","2018","ريف","رياض اطفال","28"
"الجمهورية","2018","ريف","رياض اطفال","1694"
"القاهرة","2018","حضر","ابتدائى","1978"
"القليوبية","2018","حضر","ابتدائى","205"
"المنوفية","2018","حضر","ابتدائى","170"
"الغربية","2018","حضر","ابتدائى","201"
"الدقهلية","2018","حضر","ابتدائى","319"
"الشرقية","2018","حضر","ابتدائى","538"
"كفر الشيخ","2018","حضر","ابتدائى","155"
"البحيرة","2018","حضر","ابتدائى","308"
"الاسكندرية","2018","حضر","ابتدائى","349"
"مطروح","2018","حضر","ابتدائى","96"
"دمياط","2018","حضر","ابتدائى","182"
"بورسعيد","2018","حضر","ابتدائى","112"
"الاسماعيلية","2018","حضر","ابتدائى","180"
"السويس","2018","حضر","ابتدائى","92"
"شمال سيناء","2018","حضر","ابتدائى","97"
"جنوب سيناء","2018","حضر","ابتدائى","62"
"الجيزة","2018","حضر","ابتدائى","721"
"الفيوم","2018","حضر","ابتدائى","148"
"المنيا","2018","حضر","ابتدائى","196"
"بنى سويف","2018","حضر","ابتدائى","136"
"اسيوط","2018","حضر","ابتدائى","352"
"الوادى الجديد","2018","حضر","ابتدائى","45"
"سوهاج","2018","حضر","ابتدائى","308"
"قنا","2018","حضر","ابتدائى","220"
"الأقصر","2018","حضر","ابتدائى","133"
"البحر الاحمر","2018","حضر","ابتدائى","106"
"اسوان","2018","حضر","ابتدائى","183"
"الجمهورية","2018","حضر","ابتدائى","7592"
"القاهرة","2018","ريف","ابتدائى",
"القليوبية","2018","ريف","ابتدائى","825"
"المنوفية","2018","ريف","ابتدائى","1101"
"الغربية","2018","ريف","ابتدائى","1873"
"الدقهلية","2018","ريف","ابتدائى","2165"
"الشرقية","2018","ريف","ابتدائى","2745"
"كفر الشيخ","2018","ريف","ابتدائى","1429"
"البحيرة","2018","ريف","ابتدائى","2002"
"الاسكندرية","2018","ريف","ابتدائى","224"
"مطروح","2018","ريف","ابتدائى","192"
"دمياط","2018","ريف","ابتدائى","262"
"بورسعيد","2018","ريف","ابتدائى","12"
"الاسماعيلية","2018","ريف","ابتدائى","389"
"السويس","2018","ريف","ابتدائى","61"
"شمال سيناء","2018","ريف","ابتدائى","174"
"جنوب سيناء","2018","ريف","ابتدائى","94"
"الجيزة","2018","ريف","ابتدائى","1134"
"الفيوم","2018","ريف","ابتدائى","675"
"المنيا","2018","ريف","ابتدائى","1056"
"بنى سويف","2018","ريف","ابتدائى","702"
"اسيوط","2018","ريف","ابتدائى","1011"
"الوادى الجديد","2018","ريف","ابتدائى","142"
"سوهاج","2018","ريف","ابتدائى","2067"
"قنا","2018","ريف","ابتدائى","1111"
"الأقصر","2018","ريف","ابتدائى","302"
"البحر الاحمر","2018","ريف","ابتدائى","12"
"اسوان","2018","ريف","ابتدائى","289"
"الجمهورية","2018","ريف","ابتدائى","22049"
"القاهرة","2018","حضر","اعدادى","758"
"القليوبية","2018","حضر","اعدادى","72"
"المنوفية","2018","حضر","اعدادى","92"
"الغربية","2018","حضر","اعدادى","98"
"الدقهلية","2018","حضر","اعدادى","176"
"الشرقية","2018","حضر","اعدادى","257"
"كفر الشيخ","2018","حضر","اعدادى","128"
"البحيرة","2018","حضر","اعدادى","240"
"الاسكندرية","2018","حضر","اعدادى","156"
"مطروح","2018","حضر","اعدادى","60"
"دمياط","2018","حضر","اعدادى","106"
"بورسعيد","2018","حضر","اعدادى","46"
"الاسماعيلية","2018","حضر","اعدادى","79"
"السويس","2018","حضر","اعدادى","32"
"شمال سيناء","2018","حضر","اعدادى","68"
"جنوب سيناء","2018","حضر","اعدادى","51"
"الجيزة","2018","حضر","اعدادى","211"
"الفيوم","2018","حضر","اعدادى","60"
"المنيا","2018","حضر","اعدادى","101"
"بنى سويف","2018","حضر","اعدادى","75"
"اسيوط","2018","حضر","اعدادى","144"
"الوادى الجديد","2018","حضر","اعدادى","31"
"سوهاج","2018","حضر","اعدادى","248"
"قنا","2018","حضر","اعدادى","124"
"الأقصر","2018","حضر","اعدادى","91"
"البحر الاحمر","2018","حضر","اعدادى","61"
"اسوان","2018","حضر","اعدادى","100"
"الجمهورية","2018","حضر","اعدادى","3665"
"القاهرة","2018","ريف","اعدادى",
"القليوبية","2018","ريف","اعدادى","377"
"المنوفية","2018","ريف","اعدادى","553"
"الغربية","2018","ريف","اعدادى","938"
"الدقهلية","2018","ريف","اعدادى","1028"
"الشرقية","2018","ريف","اعدادى","1379"
"كفر الشيخ","2018","ريف","اعدادى","602"
"البحيرة","2018","ريف","اعدادى","786"
"الاسكندرية","2018","ريف","اعدادى","74"
"مطروح","2018","ريف","اعدادى","74"
"دمياط","2018","ريف","اعدادى","93"
"بورسعيد","2018","ريف","اعدادى","6"
"الاسماعيلية","2018","ريف","اعدادى","132"
"السويس","2018","ريف","اعدادى","27"
"شمال سيناء","2018","ريف","اعدادى","139"
"جنوب سيناء","2018","ريف","اعدادى","92"
"الجيزة","2018","ريف","اعدادى","493"
"الفيوم","2018","ريف","اعدادى","264"
"المنيا","2018","ريف","اعدادى","468"
"بنى سويف","2018","ريف","اعدادى","318"
"اسيوط","2018","ريف","اعدادى","347"
"الوادى الجديد","2018","ريف","اعدادى","119"
"سوهاج","2018","ريف","اعدادى","875"
"قنا","2018","ريف","اعدادى","472"
"الأقصر","2018","ريف","اعدادى","174"
"البحر الاحمر","2018","ريف","اعدادى","12"
"اسوان","2018","ريف","اعدادى","147"
"الجمهورية","2018","ريف","اعدادى","9989"
"القاهرة","2018","حضر","ثانوى","747"
"القليوبية","2018","حضر","ثانوى","130"
"المنوفية","2018","حضر","ثانوى","127"
"الغربية","2018","حضر","ثانوى","158"
"الدقهلية","2018","حضر","ثانوى","272"
"الشرقية","2018","حضر","ثانوى","404"
"كفر الشيخ","2018","حضر","ثانوى","211"
"البحيرة","2018","حضر","ثانوى","362"
"الاسكندرية","2018","حضر","ثانوى","135"
"مطروح","2018","حضر","ثانوى","55"
"دمياط","2018","حضر","ثانوى","140"
"بورسعيد","2018","حضر","ثانوى","50"
"الاسماعيلية","2018","حضر","ثانوى","122"
"السويس","2018","حضر","ثانوى","28"
"شمال سيناء","2018","حضر","ثانوى","48"
"جنوب سيناء","2018","حضر","ثانوى","52"
"الجيزة","2018","حضر","ثانوى","232"
"الفيوم","2018","حضر","ثانوى","85"
"المنيا","2018","حضر","ثانوى","156"
"بنى سويف","2018","حضر","ثانوى","108"
"اسيوط","2018","حضر","ثانوى","183"
"الوادى الجديد","2018","حضر","ثانوى","48"
"سوهاج","2018","حضر","ثانوى","277"
"قنا","2018","حضر","ثانوى","175"
"الأقصر","2018","حضر","ثانوى","123"
"البحر الاحمر","2018","حضر","ثانوى","80"
"اسوان","2018","حضر","ثانوى","131"
"الجمهورية","2018","حضر","ثانوى","4639"
"القاهرة","2018","ريف","ثانوى",
"القليوبية","2018","ريف","ثانوى","289"
"المنوفية","2018","ريف","ثانوى","603"
"الغربية","2018","ريف","ثانوى","898"
"الدقهلية","2018","ريف","ثانوى","1207"
"الشرقية","2018","ريف","ثانوى","1401"
"كفر الشيخ","2018","ريف","ثانوى","524"
"البحيرة","2018","ريف","ثانوى","481"
"الاسكندرية","2018","ريف","ثانوى","39"
"مطروح","2018","ريف","ثانوى","29"
"دمياط","2018","ريف","ثانوى","67"
"بورسعيد","2018","ريف","ثانوى","6"
"الاسماعيلية","2018","ريف","ثانوى","77"
"السويس","2018","ريف","ثانوى","21"
"شمال سيناء","2018","ريف","ثانوى","77"
"جنوب سيناء","2018","ريف","ثانوى","67"
"الجيزة","2018","ريف","ثانوى","333"
"الفيوم","2018","ريف","ثانوى","146"
"المنيا","2018","ريف","ثانوى","267"
"بنى سويف","2018","ريف","ثانوى","178"
"اسيوط","2018","ريف","ثانوى","240"
"الوادى الجديد","2018","ريف","ثانوى","32"
"سوهاج","2018","ريف","ثانوى","700"
"قنا","2018","ريف","ثانوى","473"
"الأقصر","2018","ريف","ثانوى","201"
"البحر الاحمر","2018","ريف","ثانوى","12"
"اسوان","2018","ريف","ثانوى","109"
"الجمهورية","2018","ريف","ثانوى","8477"
"القاهرة","2018","حضر","قراءات","31"
"القليوبية","2018","حضر","قراءات","16"
"المنوفية","2018","حضر","قراءات","16"
"الغربية","2018","حضر","قراءات","16"
"الدقهلية","2018","حضر","قراءات","71"
"الشرقية","2018","حضر","قراءات","45"
"كفر الشيخ","2018","حضر","قراءات","15"
"البحيرة","2018","حضر","قراءات","34"
"الاسكندرية","2018","حضر","قراءات","14"
"مطروح","2018","حضر","قراءات","15"
"دمياط","2018","حضر","قراءات","16"
"بورسعيد","2018","حضر","قراءات","16"
"الاسماعيلية","2018","حضر","قراءات","21"
"السويس","2018","حضر","قراءات","8"
"شمال سيناء","2018","حضر","قراءات","16"
"جنوب سيناء","2018","حضر","قراءات","8"
"الجيزة","2018","حضر","قراءات","23"
"الفيوم","2018","حضر","قراءات","16"
"المنيا","2018","حضر","قراءات","38"
"بنى سويف","2018","حضر","قراءات","16"
"اسيوط","2018","حضر","قراءات","34"
"الوادى الجديد","2018","حضر","قراءات","7"
"سوهاج","2018","حضر","قراءات","31"
"قنا","2018","حضر","قراءات","38"
"الأقصر","2018","حضر","قراءات","28"
"البحر الاحمر","2018","حضر","قراءات","17"
"اسوان","2018","حضر","قراءات","26"
"الجمهورية","2018","حضر","قراءات","632"
"القاهرة","2018","ريف","قراءات",
"القليوبية","2018","ريف","قراءات",
"المنوفية","2018","ريف","قراءات","12"
"الغربية","2018","ريف","قراءات",
"الدقهلية","2018","ريف","قراءات","18"
"الشرقية","2018","ريف","قراءات","42"
"كفر الشيخ","2018","ريف","قراءات",
"البحيرة","2018","ريف","قراءات","3"
"الاسكندرية","2018","ريف","قراءات",
"مطروح","2018","ريف","قراءات","1"
"دمياط","2018","ريف","قراءات",
"بورسعيد","2018","ريف","قراءات",
"الاسماعيلية","2018","ريف","قراءات",
"السويس","2018","ريف","قراءات",
"شمال سيناء","2018","ريف","قراءات",
"جنوب سيناء","2018","ريف","قراءات",
"الجيزة","2018","ريف","قراءات","18"
"الفيوم","2018","ريف","قراءات","3"
"المنيا","2018","ريف","قراءات",
"بنى سويف","2018","ريف","قراءات","4"
"اسيوط","2018","ريف","قراءات","6"
"الوادى الجديد","2018","ريف","قراءات",
"سوهاج","2018","ريف","قراءات",
"قنا","2018","ريف","قراءات",
"الأقصر","2018","ريف","قراءات",
"البحر الاحمر","2018","ريف","قراءات",
"اسوان","2018","ريف","قراءات",
"الجمهورية","2018","ريف","قراءات","107"
"القاهرة","2019","حضر","رياض اطفال","512"
"القليوبية","2019","حضر","رياض اطفال","26"
"المنوفية","2019","حضر","رياض اطفال","31"
"الغربية","2019","حضر","رياض اطفال","35"
"الدقهلية","2019","حضر","رياض اطفال","55"
"الشرقية","2019","حضر","رياض اطفال","85"
"كفر الشيخ","2019","حضر","رياض اطفال","14"
"البحيرة","2019","حضر","رياض اطفال","36"
"الاسكندرية","2019","حضر","رياض اطفال","80"
"مطروح","2019","حضر","رياض اطفال","17"
"دمياط","2019","حضر","رياض اطفال","51"
"بورسعيد","2019","حضر","رياض اطفال","12"
"الاسماعيلية","2019","حضر","رياض اطفال","34"
"السويس","2019","حضر","رياض اطفال","27"
"شمال سيناء","2019","حضر","رياض اطفال","20"
"جنوب سيناء","2019","حضر","رياض اطفال","12"
"الجيزة","2019","حضر","رياض اطفال","158"
"الفيوم","2019","حضر","رياض اطفال","23"
"المنيا","2019","حضر","رياض اطفال","38"
"بنى سويف","2019","حضر","رياض اطفال","23"
"اسيوط","2019","حضر","رياض اطفال","68"
"الوادى الجديد","2019","حضر","رياض اطفال","10"
"سوهاج","2019","حضر","رياض اطفال","55"
"قنا","2019","حضر","رياض اطفال","38"
"الأقصر","2019","حضر","رياض اطفال","17"
"البحر الاحمر","2019","حضر","رياض اطفال","27"
"اسوان","2019","حضر","رياض اطفال","37"
"الجمهورية","2019","حضر","رياض اطفال","1541"
"القاهرة","2019","ريف","رياض اطفال",
"القليوبية","2019","ريف","رياض اطفال","78"
"المنوفية","2019","ريف","رياض اطفال","151"
"الغربية","2019","ريف","رياض اطفال","145"
"الدقهلية","2019","ريف","رياض اطفال","277"
"الشرقية","2019","ريف","رياض اطفال","269"
"كفر الشيخ","2019","ريف","رياض اطفال","112"
"البحيرة","2019","ريف","رياض اطفال","196"
"الاسكندرية","2019","ريف","رياض اطفال","27"
"مطروح","2019","ريف","رياض اطفال","24"
"دمياط","2019","ريف","رياض اطفال","36"
"بورسعيد","2019","ريف","رياض اطفال",
"الاسماعيلية","2019","ريف","رياض اطفال","40"
"السويس","2019","ريف","رياض اطفال","8"
"شمال سيناء","2019","ريف","رياض اطفال","17"
"جنوب سيناء","2019","ريف","رياض اطفال","17"
"الجيزة","2019","ريف","رياض اطفال","32"
"الفيوم","2019","ريف","رياض اطفال","88"
"المنيا","2019","ريف","رياض اطفال","90"
"بنى سويف","2019","ريف","رياض اطفال","75"
"اسيوط","2019","ريف","رياض اطفال","53"
"الوادى الجديد","2019","ريف","رياض اطفال","32"
"سوهاج","2019","ريف","رياض اطفال","134"
"قنا","2019","ريف","رياض اطفال","107"
"الأقصر","2019","ريف","رياض اطفال","83"
"البحر الاحمر","2019","ريف","رياض اطفال","2"
"اسوان","2019","ريف","رياض اطفال","23"
"الجمهورية","2019","ريف","رياض اطفال","2116"
"القاهرة","2019","حضر","ابتدائى","1964"
"القليوبية","2019","حضر","ابتدائى","210"
"المنوفية","2019","حضر","ابتدائى","164"
"الغربية","2019","حضر","ابتدائى","199"
"الدقهلية","2019","حضر","ابتدائى","315"
"الشرقية","2019","حضر","ابتدائى","525"
"كفر الشيخ","2019","حضر","ابتدائى","143"
"البحيرة","2019","حضر","ابتدائى","314"
"الاسكندرية","2019","حضر","ابتدائى","359"
"مطروح","2019","حضر","ابتدائى","103"
"دمياط","2019","حضر","ابتدائى","178"
"بورسعيد","2019","حضر","ابتدائى","111"
"الاسماعيلية","2019","حضر","ابتدائى","178"
"السويس","2019","حضر","ابتدائى","90"
"شمال سيناء","2019","حضر","ابتدائى","93"
"جنوب سيناء","2019","حضر","ابتدائى","69"
"الجيزة","2019","حضر","ابتدائى","717"
"الفيوم","2019","حضر","ابتدائى","146"
"المنيا","2019","حضر","ابتدائى","209"
"بنى سويف","2019","حضر","ابتدائى","132"
"اسيوط","2019","حضر","ابتدائى","355"
"الوادى الجديد","2019","حضر","ابتدائى","46"
"سوهاج","2019","حضر","ابتدائى","303"
"قنا","2019","حضر","ابتدائى","215"
"الأقصر","2019","حضر","ابتدائى","138"
"البحر الاحمر","2019","حضر","ابتدائى","112"
"اسوان","2019","حضر","ابتدائى","189"
"الجمهورية","2019","حضر","ابتدائى","7577"
"القاهرة","2019","ريف","ابتدائى",
"القليوبية","2019","ريف","ابتدائى","822"
"المنوفية","2019","ريف","ابتدائى","1112"
"الغربية","2019","ريف","ابتدائى","1816"
"الدقهلية","2019","ريف","ابتدائى","2165"
"الشرقية","2019","ريف","ابتدائى","2736"
"كفر الشيخ","2019","ريف","ابتدائى","1398"
"البحيرة","2019","ريف","ابتدائى","2032"
"الاسكندرية","2019","ريف","ابتدائى","237"
"مطروح","2019","ريف","ابتدائى","188"
"دمياط","2019","ريف","ابتدائى","262"
"بورسعيد","2019","ريف","ابتدائى","12"
"الاسماعيلية","2019","ريف","ابتدائى","388"
"السويس","2019","ريف","ابتدائى","60"
"شمال سيناء","2019","ريف","ابتدائى","176"
"جنوب سيناء","2019","ريف","ابتدائى","90"
"الجيزة","2019","ريف","ابتدائى","1171"
"الفيوم","2019","ريف","ابتدائى","693"
"المنيا","2019","ريف","ابتدائى","1088"
"بنى سويف","2019","ريف","ابتدائى","732"
"اسيوط","2019","ريف","ابتدائى","992"
"الوادى الجديد","2019","ريف","ابتدائى","147"
"سوهاج","2019","ريف","ابتدائى","2056"
"قنا","2019","ريف","ابتدائى","1126"
"الأقصر","2019","ريف","ابتدائى","320"
"البحر الاحمر","2019","ريف","ابتدائى","12"
"اسوان","2019","ريف","ابتدائى","298"
"الجمهورية","2019","ريف","ابتدائى","22129"
"القاهرة","2019","حضر","اعدادى","805"
"القليوبية","2019","حضر","اعدادى","67"
"المنوفية","2019","حضر","اعدادى","90"
"الغربية","2019","حضر","اعدادى","93"
"الدقهلية","2019","حضر","اعدادى","182"
"الشرقية","2019","حضر","اعدادى","265"
"كفر الشيخ","2019","حضر","اعدادى","113"
"البحيرة","2019","حضر","اعدادى","242"
"الاسكندرية","2019","حضر","اعدادى","140"
"مطروح","2019","حضر","اعدادى","58"
"دمياط","2019","حضر","اعدادى","107"
"بورسعيد","2019","حضر","اعدادى","45"
"الاسماعيلية","2019","حضر","اعدادى","79"
"السويس","2019","حضر","اعدادى","30"
"شمال سيناء","2019","حضر","اعدادى","65"
"جنوب سيناء","2019","حضر","اعدادى","51"
"الجيزة","2019","حضر","اعدادى","220"
"الفيوم","2019","حضر","اعدادى","58"
"المنيا","2019","حضر","اعدادى","101"
"بنى سويف","2019","حضر","اعدادى","75"
"اسيوط","2019","حضر","اعدادى","151"
"الوادى الجديد","2019","حضر","اعدادى","27"
"سوهاج","2019","حضر","اعدادى","241"
"قنا","2019","حضر","اعدادى","121"
"الأقصر","2019","حضر","اعدادى","88"
"البحر الاحمر","2019","حضر","اعدادى","62"
"اسوان","2019","حضر","اعدادى","102"
"الجمهورية","2019","حضر","اعدادى","3678"
"القاهرة","2019","ريف","اعدادى",
"القليوبية","2019","ريف","اعدادى","371"
"المنوفية","2019","ريف","اعدادى","549"
"الغربية","2019","ريف","اعدادى","928"
"الدقهلية","2019","ريف","اعدادى","1040"
"الشرقية","2019","ريف","اعدادى","1373"
"كفر الشيخ","2019","ريف","اعدادى","580"
"البحيرة","2019","ريف","اعدادى","785"
"الاسكندرية","2019","ريف","اعدادى","74"
"مطروح","2019","ريف","اعدادى","97"
"دمياط","2019","ريف","اعدادى","95"
"بورسعيد","2019","ريف","اعدادى","7"
"الاسماعيلية","2019","ريف","اعدادى","132"
"السويس","2019","ريف","اعدادى","27"
"شمال سيناء","2019","ريف","اعدادى","134"
"جنوب سيناء","2019","ريف","اعدادى","93"
"الجيزة","2019","ريف","اعدادى","509"
"الفيوم","2019","ريف","اعدادى","274"
"المنيا","2019","ريف","اعدادى","467"
"بنى سويف","2019","ريف","اعدادى","325"
"اسيوط","2019","ريف","اعدادى","349"
"الوادى الجديد","2019","ريف","اعدادى","66"
"سوهاج","2019","ريف","اعدادى","855"
"قنا","2019","ريف","اعدادى","465"
"الأقصر","2019","ريف","اعدادى","170"
"البحر الاحمر","2019","ريف","اعدادى","11"
"اسوان","2019","ريف","اعدادى","148"
"الجمهورية","2019","ريف","اعدادى","9924"
"القاهرة","2019","حضر","ثانوى","713"
"القليوبية","2019","حضر","ثانوى","126"
"المنوفية","2019","حضر","ثانوى","126"
"الغربية","2019","حضر","ثانوى","137"
"الدقهلية","2019","حضر","ثانوى","249"
"الشرقية","2019","حضر","ثانوى","390"
"كفر الشيخ","2019","حضر","ثانوى","198"
"البحيرة","2019","حضر","ثانوى","335"
"الاسكندرية","2019","حضر","ثانوى","123"
"مطروح","2019","حضر","ثانوى","56"
"دمياط","2019","حضر","ثانوى","140"
"بورسعيد","2019","حضر","ثانوى","50"
"الاسماعيلية","2019","حضر","ثانوى","118"
"السويس","2019","حضر","ثانوى","26"
"شمال سيناء","2019","حضر","ثانوى","48"
"جنوب سيناء","2019","حضر","ثانوى","56"
"الجيزة","2019","حضر","ثانوى","222"
"الفيوم","2019","حضر","ثانوى","88"
"المنيا","2019","حضر","ثانوى","155"
"بنى سويف","2019","حضر","ثانوى","99"
"اسيوط","2019","حضر","ثانوى","173"
"الوادى الجديد","2019","حضر","ثانوى","47"
"سوهاج","2019","حضر","ثانوى","271"
"قنا","2019","حضر","ثانوى","171"
"الأقصر","2019","حضر","ثانوى","116"
"البحر الاحمر","2019","حضر","ثانوى","80"
"اسوان","2019","حضر","ثانوى","128"
"الجمهورية","2019","حضر","ثانوى","4441"
"القاهرة","2019","ريف","ثانوى",
"القليوبية","2019","ريف","ثانوى","292"
"المنوفية","2019","ريف","ثانوى","601"
"الغربية","2019","ريف","ثانوى","884"
"الدقهلية","2019","ريف","ثانوى","1203"
"الشرقية","2019","ريف","ثانوى","1395"
"كفر الشيخ","2019","ريف","ثانوى","522"
"البحيرة","2019","ريف","ثانوى","495"
"الاسكندرية","2019","ريف","ثانوى","43"
"مطروح","2019","ريف","ثانوى","34"
"دمياط","2019","ريف","ثانوى","68"
"بورسعيد","2019","ريف","ثانوى","6"
"الاسماعيلية","2019","ريف","ثانوى","77"
"السويس","2019","ريف","ثانوى","21"
"شمال سيناء","2019","ريف","ثانوى","76"
"جنوب سيناء","2019","ريف","ثانوى","68"
"الجيزة","2019","ريف","ثانوى","339"
"الفيوم","2019","ريف","ثانوى","151"
"المنيا","2019","ريف","ثانوى","268"
"بنى سويف","2019","ريف","ثانوى","185"
"اسيوط","2019","ريف","ثانوى","239"
"الوادى الجديد","2019","ريف","ثانوى","36"
"سوهاج","2019","ريف","ثانوى","669"
"قنا","2019","ريف","ثانوى","458"
"الأقصر","2019","ريف","ثانوى","201"
"البحر الاحمر","2019","ريف","ثانوى","12"
"اسوان","2019","ريف","ثانوى","120"
"الجمهورية","2019","ريف","ثانوى","8463"
"القاهرة","2019","حضر","قراءات","20"
"القليوبية","2019","حضر","قراءات","16"
"المنوفية","2019","حضر","قراءات","16"
"الغربية","2019","حضر","قراءات","16"
"الدقهلية","2019","حضر","قراءات","72"
"الشرقية","2019","حضر","قراءات","47"
"كفر الشيخ","2019","حضر","قراءات","16"
"البحيرة","2019","حضر","قراءات","36"
"الاسكندرية","2019","حضر","قراءات","16"
"مطروح","2019","حضر","قراءات","16"
"دمياط","2019","حضر","قراءات","16"
"بورسعيد","2019","حضر","قراءات","15"
"الاسماعيلية","2019","حضر","قراءات","20"
"السويس","2019","حضر","قراءات","9"
"شمال سيناء","2019","حضر","قراءات","14"
"جنوب سيناء","2019","حضر","قراءات","7"
"الجيزة","2019","حضر","قراءات","23"
"الفيوم","2019","حضر","قراءات","17"
"المنيا","2019","حضر","قراءات","39"
"بنى سويف","2019","حضر","قراءات","16"
"اسيوط","2019","حضر","قراءات","34"
"الوادى الجديد","2019","حضر","قراءات","5"
"سوهاج","2019","حضر","قراءات","32"
"قنا","2019","حضر","قراءات","34"
"الأقصر","2019","حضر","قراءات","27"
"البحر الاحمر","2019","حضر","قراءات","19"
"اسوان","2019","حضر","قراءات","25"
"الجمهورية","2019","حضر","قراءات","623"
"القاهرة","2019","ريف","قراءات",
"القليوبية","2019","ريف","قراءات",
"المنوفية","2019","ريف","قراءات","12"
"الغربية","2019","ريف","قراءات",
"الدقهلية","2019","ريف","قراءات","11"
"الشرقية","2019","ريف","قراءات","42"
"كفر الشيخ","2019","ريف","قراءات",
"البحيرة","2019","ريف","قراءات","6"
"الاسكندرية","2019","ريف","قراءات",
"مطروح","2019","ريف","قراءات",
"دمياط","2019","ريف","قراءات",
"بورسعيد","2019","ريف","قراءات",
"الاسماعيلية","2019","ريف","قراءات",
"السويس","2019","ريف","قراءات",
"شمال سيناء","2019","ريف","قراءات",
"جنوب سيناء","2019","ريف","قراءات",
"الجيزة","2019","ريف","قراءات","17"
"الفيوم","2019","ريف","قراءات","5"
"المنيا","2019","ريف","قراءات",
"بنى سويف","2019","ريف","قراءات","3"
"اسيوط","2019","ريف","قراءات","6"
"الوادى الجديد","2019","ريف","قراءات",
"سوهاج","2019","ريف","قراءات",
"قنا","2019","ريف","قراءات",
"الأقصر","2019","ريف","قراءات",
"البحر الاحمر","2019","ريف","قراءات",
"اسوان","2019","ريف","قراءات",
"الجمهورية","2019","ريف","قراءات","102"
"القاهرة","2020","حضر","رياض اطفال","610"
"القليوبية","2020","حضر","رياض اطفال","28"
"المنوفية","2020","حضر","رياض اطفال","32"
"الغربية","2020","حضر","رياض اطفال","42"
"الدقهلية","2020","حضر","رياض اطفال","68"
"الشرقية","2020","حضر","رياض اطفال","107"
"كفر الشيخ","2020","حضر","رياض اطفال","28"
"البحيرة","2020","حضر","رياض اطفال","62"
"الاسكندرية","2020","حضر","رياض اطفال","103"
"مطروح","2020","حضر","رياض اطفال","22"
"دمياط","2020","حضر","رياض اطفال","59"
"بورسعيد","2020","حضر","رياض اطفال","15"
"الاسماعيلية","2020","حضر","رياض اطفال","36"
"السويس","2020","حضر","رياض اطفال","39"
"شمال سيناء","2020","حضر","رياض اطفال","23"
"جنوب سيناء","2020","حضر","رياض اطفال","16"
"الجيزة","2020","حضر","رياض اطفال","237"
"الفيوم","2020","حضر","رياض اطفال","31"
"المنيا","2020","حضر","رياض اطفال","51"
"بنى سويف","2020","حضر","رياض اطفال","34"
"اسيوط","2020","حضر","رياض اطفال","129"
"الوادى الجديد","2020","حضر","رياض اطفال","10"
"سوهاج","2020","حضر","رياض اطفال","64"
"قنا","2020","حضر","رياض اطفال","61"
"الأقصر","2020","حضر","رياض اطفال","29"
"البحر الاحمر","2020","حضر","رياض اطفال","55"
"اسوان","2020","حضر","رياض اطفال","49"
"الجمهورية","2020","حضر","رياض اطفال","2040"
"القاهرة","2020","ريف","رياض اطفال",
"القليوبية","2020","ريف","رياض اطفال","108"
"المنوفية","2020","ريف","رياض اطفال","177"
"الغربية","2020","ريف","رياض اطفال","236"
"الدقهلية","2020","ريف","رياض اطفال","323"
"الشرقية","2020","ريف","رياض اطفال","422"
"كفر الشيخ","2020","ريف","رياض اطفال","143"
"البحيرة","2020","ريف","رياض اطفال","250"
"الاسكندرية","2020","ريف","رياض اطفال","25"
"مطروح","2020","ريف","رياض اطفال","27"
"دمياط","2020","ريف","رياض اطفال","45"
"بورسعيد","2020","ريف","رياض اطفال",
"الاسماعيلية","2020","ريف","رياض اطفال","42"
"السويس","2020","ريف","رياض اطفال","10"
"شمال سيناء","2020","ريف","رياض اطفال","28"
"جنوب سيناء","2020","ريف","رياض اطفال","18"
"الجيزة","2020","ريف","رياض اطفال","53"
"الفيوم","2020","ريف","رياض اطفال","116"
"المنيا","2020","ريف","رياض اطفال","121"
"بنى سويف","2020","ريف","رياض اطفال","109"
"اسيوط","2020","ريف","رياض اطفال","98"
"الوادى الجديد","2020","ريف","رياض اطفال","32"
"سوهاج","2020","ريف","رياض اطفال","192"
"قنا","2020","ريف","رياض اطفال","132"
"الأقصر","2020","ريف","رياض اطفال","118"
"البحر الاحمر","2020","ريف","رياض اطفال","2"
"اسوان","2020","ريف","رياض اطفال","27"
"الجمهورية","2020","ريف","رياض اطفال","2854"
"القاهرة","2020","حضر","ابتدائى","2621"
"القليوبية","2020","حضر","ابتدائى","313"
"المنوفية","2020","حضر","ابتدائى","226"
"الغربية","2020","حضر","ابتدائى","291"
"الدقهلية","2020","حضر","ابتدائى","475"
"الشرقية","2020","حضر","ابتدائى","714"
"كفر الشيخ","2020","حضر","ابتدائى","247"
"البحيرة","2020","حضر","ابتدائى","494"
"الاسكندرية","2020","حضر","ابتدائى","566"
"مطروح","2020","حضر","ابتدائى","170"
"دمياط","2020","حضر","ابتدائى","286"
"بورسعيد","2020","حضر","ابتدائى","128"
"الاسماعيلية","2020","حضر","ابتدائى","267"
"السويس","2020","حضر","ابتدائى","134"
"شمال سيناء","2020","حضر","ابتدائى","127"
"جنوب سيناء","2020","حضر","ابتدائى","76"
"الجيزة","2020","حضر","ابتدائى","1084"
"الفيوم","2020","حضر","ابتدائى","188"
"المنيا","2020","حضر","ابتدائى","317"
"بنى سويف","2020","حضر","ابتدائى","214"
"اسيوط","2020","حضر","ابتدائى","550"
"الوادى الجديد","2020","حضر","ابتدائى","56"
"سوهاج","2020","حضر","ابتدائى","460"
"قنا","2020","حضر","ابتدائى","347"
"الأقصر","2020","حضر","ابتدائى","205"
"البحر الاحمر","2020","حضر","ابتدائى","173"
"اسوان","2020","حضر","ابتدائى","296"
"الجمهورية","2020","حضر","ابتدائى","11025"
"القاهرة","2020","ريف","ابتدائى",
"القليوبية","2020","ريف","ابتدائى","1138"
"المنوفية","2020","ريف","ابتدائى","1456"
"الغربية","2020","ريف","ابتدائى","2846"
"الدقهلية","2020","ريف","ابتدائى","3154"
"الشرقية","2020","ريف","ابتدائى","3899"
"كفر الشيخ","2020","ريف","ابتدائى","1845"
"البحيرة","2020","ريف","ابتدائى","3087"
"الاسكندرية","2020","ريف","ابتدائى","348"
"مطروح","2020","ريف","ابتدائى","211"
"دمياط","2020","ريف","ابتدائى","390"
"بورسعيد","2020","ريف","ابتدائى","24"
"الاسماعيلية","2020","ريف","ابتدائى","501"
"السويس","2020","ريف","ابتدائى","61"
"شمال سيناء","2020","ريف","ابتدائى","181"
"جنوب سيناء","2020","ريف","ابتدائى","102"
"الجيزة","2020","ريف","ابتدائى","2012"
"الفيوم","2020","ريف","ابتدائى","1077"
"المنيا","2020","ريف","ابتدائى","1876"
"بنى سويف","2020","ريف","ابتدائى","1081"
"اسيوط","2020","ريف","ابتدائى","1573"
"الوادى الجديد","2020","ريف","ابتدائى","155"
"سوهاج","2020","ريف","ابتدائى","2895"
"قنا","2020","ريف","ابتدائى","1728"
"الأقصر","2020","ريف","ابتدائى","468"
"البحر الاحمر","2020","ريف","ابتدائى","12"
"اسوان","2020","ريف","ابتدائى","402"
"الجمهورية","2020","ريف","ابتدائى","32522"
"القاهرة","2020","حضر","اعدادى","1234"
"القليوبية","2020","حضر","اعدادى","89"
"المنوفية","2020","حضر","اعدادى","145"
"الغربية","2020","حضر","اعدادى","162"
"الدقهلية","2020","حضر","اعدادى","337"
"الشرقية","2020","حضر","اعدادى","430"
"كفر الشيخ","2020","حضر","اعدادى","226"
"البحيرة","2020","حضر","اعدادى","417"
"الاسكندرية","2020","حضر","اعدادى","242"
"مطروح","2020","حضر","اعدادى","81"
"دمياط","2020","حضر","اعدادى","203"
"بورسعيد","2020","حضر","اعدادى","74"
"الاسماعيلية","2020","حضر","اعدادى","142"
"السويس","2020","حضر","اعدادى","54"
"شمال سيناء","2020","حضر","اعدادى","78"
"جنوب سيناء","2020","حضر","اعدادى","57"
"الجيزة","2020","حضر","اعدادى","382"
"الفيوم","2020","حضر","اعدادى","106"
"المنيا","2020","حضر","اعدادى","196"
"بنى سويف","2020","حضر","اعدادى","115"
"اسيوط","2020","حضر","اعدادى","289"
"الوادى الجديد","2020","حضر","اعدادى","38"
"سوهاج","2020","حضر","اعدادى","443"
"قنا","2020","حضر","اعدادى","215"
"الأقصر","2020","حضر","اعدادى","160"
"البحر الاحمر","2020","حضر","اعدادى","95"
"اسوان","2020","حضر","اعدادى","167"
"الجمهورية","2020","حضر","اعدادى","6177"
"القاهرة","2020","ريف","اعدادى",
"القليوبية","2020","ريف","اعدادى","486"
"المنوفية","2020","ريف","اعدادى","799"
"الغربية","2020","ريف","اعدادى","1572"
"الدقهلية","2020","ريف","اعدادى","1628"
"الشرقية","2020","ريف","اعدادى","2015"
"كفر الشيخ","2020","ريف","اعدادى","907"
"البحيرة","2020","ريف","اعدادى","1259"
"الاسكندرية","2020","ريف","اعدادى","133"
"مطروح","2020","ريف","اعدادى","111"
"دمياط","2020","ريف","اعدادى","152"
"بورسعيد","2020","ريف","اعدادى","11"
"الاسماعيلية","2020","ريف","اعدادى","204"
"السويس","2020","ريف","اعدادى","30"
"شمال سيناء","2020","ريف","اعدادى","132"
"جنوب سيناء","2020","ريف","اعدادى","90"
"الجيزة","2020","ريف","اعدادى","824"
"الفيوم","2020","ريف","اعدادى","403"
"المنيا","2020","ريف","اعدادى","740"
"بنى سويف","2020","ريف","اعدادى","472"
"اسيوط","2020","ريف","اعدادى","567"
"الوادى الجديد","2020","ريف","اعدادى","112"
"سوهاج","2020","ريف","اعدادى","1437"
"قنا","2020","ريف","اعدادى","811"
"الأقصر","2020","ريف","اعدادى","251"
"البحر الاحمر","2020","ريف","اعدادى","12"
"اسوان","2020","ريف","اعدادى","204"
"الجمهورية","2020","ريف","اعدادى","15362"
"القاهرة","2020","حضر","ثانوى","998"
"القليوبية","2020","حضر","ثانوى","158"
"المنوفية","2020","حضر","ثانوى","168"
"الغربية","2020","حضر","ثانوى","248"
"الدقهلية","2020","حضر","ثانوى","359"
"الشرقية","2020","حضر","ثانوى","580"
"كفر الشيخ","2020","حضر","ثانوى","347"
"البحيرة","2020","حضر","ثانوى","656"
"الاسكندرية","2020","حضر","ثانوى","208"
"مطروح","2020","حضر","ثانوى","72"
"دمياط","2020","حضر","ثانوى","206"
"بورسعيد","2020","حضر","ثانوى","66"
"الاسماعيلية","2020","حضر","ثانوى","189"
"السويس","2020","حضر","ثانوى","38"
"شمال سيناء","2020","حضر","ثانوى","55"
"جنوب سيناء","2020","حضر","ثانوى","59"
"الجيزة","2020","حضر","ثانوى","343"
"الفيوم","2020","حضر","ثانوى","162"
"المنيا","2020","حضر","ثانوى","283"
"بنى سويف","2020","حضر","ثانوى","168"
"اسيوط","2020","حضر","ثانوى","282"
"الوادى الجديد","2020","حضر","ثانوى","59"
"سوهاج","2020","حضر","ثانوى","497"
"قنا","2020","حضر","ثانوى","305"
"الأقصر","2020","حضر","ثانوى","158"
"البحر الاحمر","2020","حضر","ثانوى","92"
"اسوان","2020","حضر","ثانوى","180"
"الجمهورية","2020","حضر","ثانوى","6936"
"القاهرة","2020","ريف","ثانوى",
"القليوبية","2020","ريف","ثانوى","340"
"المنوفية","2020","ريف","ثانوى","757"
"الغربية","2020","ريف","ثانوى","1332"
"الدقهلية","2020","ريف","ثانوى","1479"
"الشرقية","2020","ريف","ثانوى","1908"
"كفر الشيخ","2020","ريف","ثانوى","827"
"البحيرة","2020","ريف","ثانوى","746"
"الاسكندرية","2020","ريف","ثانوى","69"
"مطروح","2020","ريف","ثانوى","37"
"دمياط","2020","ريف","ثانوى","82"
"بورسعيد","2020","ريف","ثانوى","6"
"الاسماعيلية","2020","ريف","ثانوى","116"
"السويس","2020","ريف","ثانوى","24"
"شمال سيناء","2020","ريف","ثانوى","83"
"جنوب سيناء","2020","ريف","ثانوى","73"
"الجيزة","2020","ريف","ثانوى","512"
"الفيوم","2020","ريف","ثانوى","239"
"المنيا","2020","ريف","ثانوى","419"
"بنى سويف","2020","ريف","ثانوى","255"
"اسيوط","2020","ريف","ثانوى","363"
"الوادى الجديد","2020","ريف","ثانوى","35"
"سوهاج","2020","ريف","ثانوى","1159"
"قنا","2020","ريف","ثانوى","722"
"الأقصر","2020","ريف","ثانوى","258"
"البحر الاحمر","2020","ريف","ثانوى","11"
"اسوان","2020","ريف","ثانوى","153"
"الجمهورية","2020","ريف","ثانوى","12005"
"القاهرة","2020","حضر","قراءات","19"
"القليوبية","2020","حضر","قراءات","16"
"المنوفية","2020","حضر","قراءات","16"
"الغربية","2020","حضر","قراءات","16"
"الدقهلية","2020","حضر","قراءات","64"
"الشرقية","2020","حضر","قراءات","43"
"كفر الشيخ","2020","حضر","قراءات","16"
"البحيرة","2020","حضر","قراءات","32"
"الاسكندرية","2020","حضر","قراءات","16"
"مطروح","2020","حضر","قراءات","16"
"دمياط","2020","حضر","قراءات","16"
"بورسعيد","2020","حضر","قراءات","13"
"الاسماعيلية","2020","حضر","قراءات","24"
"السويس","2020","حضر","قراءات","9"
"شمال سيناء","2020","حضر","قراءات","13"
"جنوب سيناء","2020","حضر","قراءات","6"
"الجيزة","2020","حضر","قراءات","33"
"الفيوم","2020","حضر","قراءات","20"
"المنيا","2020","حضر","قراءات","41"
"بنى سويف","2020","حضر","قراءات","16"
"اسيوط","2020","حضر","قراءات","34"
"الوادى الجديد","2020","حضر","قراءات","5"
"سوهاج","2020","حضر","قراءات","35"
"قنا","2020","حضر","قراءات","33"
"الأقصر","2020","حضر","قراءات","27"
"البحر الاحمر","2020","حضر","قراءات","14"
"اسوان","2020","حضر","قراءات","25"
"الجمهورية","2020","حضر","قراءات","618"
"القاهرة","2020","ريف","قراءات",
"القليوبية","2020","ريف","قراءات",
"المنوفية","2020","ريف","قراءات","12"
"الغربية","2020","ريف","قراءات",
"الدقهلية","2020","ريف","قراءات","11"
"الشرقية","2020","ريف","قراءات","44"
"كفر الشيخ","2020","ريف","قراءات",
"البحيرة","2020","ريف","قراءات","6"
"الاسكندرية","2020","ريف","قراءات",
"مطروح","2020","ريف","قراءات",
"دمياط","2020","ريف","قراءات",
"بورسعيد","2020","ريف","قراءات",
"الاسماعيلية","2020","ريف","قراءات",
"السويس","2020","ريف","قراءات",
"شمال سيناء","2020","ريف","قراءات",
"جنوب سيناء","2020","ريف","قراءات",
"الجيزة","2020","ريف","قراءات","18"
"الفيوم","2020","ريف","قراءات","6"
"المنيا","2020","ريف","قراءات",
"بنى سويف","2020","ريف","قراءات","4"
"اسيوط","2020","ريف","قراءات","6"
"الوادى الجديد","2020","ريف","قراءات",
"سوهاج","2020","ريف","قراءات",
"قنا","2020","ريف","قراءات",
"الأقصر","2020","ريف","قراءات",
"البحر الاحمر","2020","ريف","قراءات",
"اسوان","2020","ريف","قراءات",
"الجمهورية","2020","ريف","قراءات","107"
"القاهرة","2021","حضر","رياض اطفال","593"
"القليوبية","2021","حضر","رياض اطفال","30"
"المنوفية","2021","حضر","رياض اطفال","37"
"الغربية","2021","حضر","رياض اطفال","50"
"الدقهلية","2021","حضر","رياض اطفال","66"
"الشرقية","2021","حضر","رياض اطفال","110"
"كفر الشيخ","2021","حضر","رياض اطفال","24"
"البحيرة","2021","حضر","رياض اطفال","52"
"الاسكندرية","2021","حضر","رياض اطفال","117"
"مطروح","2021","حضر","رياض اطفال","25"
"دمياط","2021","حضر","رياض اطفال","59"
"بورسعيد","2021","حضر","رياض اطفال","16"
"الاسماعيلية","2021","حضر","رياض اطفال","37"
"السويس","2021","حضر","رياض اطفال","35"
"شمال سيناء","2021","حضر","رياض اطفال","20"
"جنوب سيناء","2021","حضر","رياض اطفال","16"
"الجيزة","2021","حضر","رياض اطفال","193"
"الفيوم","2021","حضر","رياض اطفال","38"
"المنيا","2021","حضر","رياض اطفال","51"
"بنى سويف","2021","حضر","رياض اطفال","31"
"اسيوط","2021","حضر","رياض اطفال","100"
"الوادى الجديد","2021","حضر","رياض اطفال","10"
"سوهاج","2021","حضر","رياض اطفال","58"
"قنا","2021","حضر","رياض اطفال","40"
"الأقصر","2021","حضر","رياض اطفال","31"
"البحر الاحمر","2021","حضر","رياض اطفال","49"
"اسوان","2021","حضر","رياض اطفال","43"
"الجمهورية","2021","حضر","رياض اطفال","1931"
"القاهرة","2021","ريف","رياض اطفال",
"القليوبية","2021","ريف","رياض اطفال","108"
"المنوفية","2021","ريف","رياض اطفال","185"
"الغربية","2021","ريف","رياض اطفال","231"
"الدقهلية","2021","ريف","رياض اطفال","314"
"الشرقية","2021","ريف","رياض اطفال","413"
"كفر الشيخ","2021","ريف","رياض اطفال","150"
"البحيرة","2021","ريف","رياض اطفال","240"
"الاسكندرية","2021","ريف","رياض اطفال","28"
"مطروح","2021","ريف","رياض اطفال","32"
"دمياط","2021","ريف","رياض اطفال","40"
"بورسعيد","2021","ريف","رياض اطفال",
"الاسماعيلية","2021","ريف","رياض اطفال","50"
"السويس","2021","ريف","رياض اطفال","12"
"شمال سيناء","2021","ريف","رياض اطفال","34"
"جنوب سيناء","2021","ريف","رياض اطفال","18"
"الجيزة","2021","ريف","رياض اطفال","44"
"الفيوم","2021","ريف","رياض اطفال","106"
"المنيا","2021","ريف","رياض اطفال","115"
"بنى سويف","2021","ريف","رياض اطفال","125"
"اسيوط","2021","ريف","رياض اطفال","87"
"الوادى الجديد","2021","ريف","رياض اطفال","32"
"سوهاج","2021","ريف","رياض اطفال","168"
"قنا","2021","ريف","رياض اطفال","114"
"الأقصر","2021","ريف","رياض اطفال","121"
"البحر الاحمر","2021","ريف","رياض اطفال","2"
"اسوان","2021","ريف","رياض اطفال","23"
"الجمهورية","2021","ريف","رياض اطفال","2792"
"القاهرة","2021","حضر","ابتدائى","2142"
"القليوبية","2021","حضر","ابتدائى","240"
"المنوفية","2021","حضر","ابتدائى","188"
"الغربية","2021","حضر","ابتدائى","235"
"الدقهلية","2021","حضر","ابتدائى","343"
"الشرقية","2021","حضر","ابتدائى","575"
"كفر الشيخ","2021","حضر","ابتدائى","188"
"البحيرة","2021","حضر","ابتدائى","367"
"الاسكندرية","2021","حضر","ابتدائى","405"
"مطروح","2021","حضر","ابتدائى","137"
"دمياط","2021","حضر","ابتدائى","207"
"بورسعيد","2021","حضر","ابتدائى","110"
"الاسماعيلية","2021","حضر","ابتدائى","186"
"السويس","2021","حضر","ابتدائى","95"
"شمال سيناء","2021","حضر","ابتدائى","92"
"جنوب سيناء","2021","حضر","ابتدائى","69"
"الجيزة","2021","حضر","ابتدائى","894"
"الفيوم","2021","حضر","ابتدائى","143"
"المنيا","2021","حضر","ابتدائى","236"
"بنى سويف","2021","حضر","ابتدائى","155"
"اسيوط","2021","حضر","ابتدائى","436"
"الوادى الجديد","2021","حضر","ابتدائى","50"
"سوهاج","2021","حضر","ابتدائى","332"
"قنا","2021","حضر","ابتدائى","228"
"الأقصر","2021","حضر","ابتدائى","181"
"البحر الاحمر","2021","حضر","ابتدائى","141"
"اسوان","2021","حضر","ابتدائى","216"
"الجمهورية","2021","حضر","ابتدائى","8591"
"القاهرة","2021","ريف","ابتدائى",
"القليوبية","2021","ريف","ابتدائى","936"
"المنوفية","2021","ريف","ابتدائى","1218"
"الغربية","2021","ريف","ابتدائى","2079"
"الدقهلية","2021","ريف","ابتدائى","2356"
"الشرقية","2021","ريف","ابتدائى","2940"
"كفر الشيخ","2021","ريف","ابتدائى","1510"
"البحيرة","2021","ريف","ابتدائى","2345"
"الاسكندرية","2021","ريف","ابتدائى","280"
"مطروح","2021","ريف","ابتدائى","203"
"دمياط","2021","ريف","ابتدائى","288"
"بورسعيد","2021","ريف","ابتدائى","12"
"الاسماعيلية","2021","ريف","ابتدائى","389"
"السويس","2021","ريف","ابتدائى","61"
"شمال سيناء","2021","ريف","ابتدائى","170"
"جنوب سيناء","2021","ريف","ابتدائى","94"
"الجيزة","2021","ريف","ابتدائى","1483"
"الفيوم","2021","ريف","ابتدائى","850"
"المنيا","2021","ريف","ابتدائى","1217"
"بنى سويف","2021","ريف","ابتدائى","868"
"اسيوط","2021","ريف","ابتدائى","1126"
"الوادى الجديد","2021","ريف","ابتدائى","158"
"سوهاج","2021","ريف","ابتدائى","2128"
"قنا","2021","ريف","ابتدائى","1191"
"الأقصر","2021","ريف","ابتدائى","381"
"البحر الاحمر","2021","ريف","ابتدائى","12"
"اسوان","2021","ريف","ابتدائى","331"
"الجمهورية","2021","ريف","ابتدائى","24626"
"القاهرة","2021","حضر","اعدادى","834"
"القليوبية","2021","حضر","اعدادى","72"
"المنوفية","2021","حضر","اعدادى","94"
"الغربية","2021","حضر","اعدادى","96"
"الدقهلية","2021","حضر","اعدادى","223"
"الشرقية","2021","حضر","اعدادى","282"
"كفر الشيخ","2021","حضر","اعدادى","134"
"البحيرة","2021","حضر","اعدادى","248"
"الاسكندرية","2021","حضر","اعدادى","142"
"مطروح","2021","حضر","اعدادى","61"
"دمياط","2021","حضر","اعدادى","114"
"بورسعيد","2021","حضر","اعدادى","49"
"الاسماعيلية","2021","حضر","اعدادى","84"
"السويس","2021","حضر","اعدادى","34"
"شمال سيناء","2021","حضر","اعدادى","63"
"جنوب سيناء","2021","حضر","اعدادى","53"
"الجيزة","2021","حضر","اعدادى","261"
"الفيوم","2021","حضر","اعدادى","69"
"المنيا","2021","حضر","اعدادى","117"
"بنى سويف","2021","حضر","اعدادى","76"
"اسيوط","2021","حضر","اعدادى","186"
"الوادى الجديد","2021","حضر","اعدادى","34"
"سوهاج","2021","حضر","اعدادى","248"
"قنا","2021","حضر","اعدادى","130"
"الأقصر","2021","حضر","اعدادى","108"
"البحر الاحمر","2021","حضر","اعدادى","64"
"اسوان","2021","حضر","اعدادى","117"
"الجمهورية","2021","حضر","اعدادى","3993"
"القاهرة","2021","ريف","اعدادى",
"القليوبية","2021","ريف","اعدادى","399"
"المنوفية","2021","ريف","اعدادى","574"
"الغربية","2021","ريف","اعدادى","953"
"الدقهلية","2021","ريف","اعدادى","1091"
"الشرقية","2021","ريف","اعدادى","1463"
"كفر الشيخ","2021","ريف","اعدادى","578"
"البحيرة","2021","ريف","اعدادى","823"
"الاسكندرية","2021","ريف","اعدادى","87"
"مطروح","2021","ريف","اعدادى","106"
"دمياط","2021","ريف","اعدادى","99"
"بورسعيد","2021","ريف","اعدادى","9"
"الاسماعيلية","2021","ريف","اعدادى","137"
"السويس","2021","ريف","اعدادى","27"
"شمال سيناء","2021","ريف","اعدادى","131"
"جنوب سيناء","2021","ريف","اعدادى","94"
"الجيزة","2021","ريف","اعدادى","569"
"الفيوم","2021","ريف","اعدادى","290"
"المنيا","2021","ريف","اعدادى","493"
"بنى سويف","2021","ريف","اعدادى","380"
"اسيوط","2021","ريف","اعدادى","342"
"الوادى الجديد","2021","ريف","اعدادى","122"
"سوهاج","2021","ريف","اعدادى","824"
"قنا","2021","ريف","اعدادى","479"
"الأقصر","2021","ريف","اعدادى","181"
"البحر الاحمر","2021","ريف","اعدادى","12"
"اسوان","2021","ريف","اعدادى","150"
"الجمهورية","2021","ريف","اعدادى","10413"
"القاهرة","2021","حضر","ثانوى","769"
"القليوبية","2021","حضر","ثانوى","126"
"المنوفية","2021","حضر","ثانوى","134"
"الغربية","2021","حضر","ثانوى","143"
"الدقهلية","2021","حضر","ثانوى","248"
"الشرقية","2021","حضر","ثانوى","370"
"كفر الشيخ","2021","حضر","ثانوى","197"
"البحيرة","2021","حضر","ثانوى","357"
"الاسكندرية","2021","حضر","ثانوى","117"
"مطروح","2021","حضر","ثانوى","75"
"دمياط","2021","حضر","ثانوى","140"
"بورسعيد","2021","حضر","ثانوى","51"
"الاسماعيلية","2021","حضر","ثانوى","116"
"السويس","2021","حضر","ثانوى","29"
"شمال سيناء","2021","حضر","ثانوى","49"
"جنوب سيناء","2021","حضر","ثانوى","63"
"الجيزة","2021","حضر","ثانوى","248"
"الفيوم","2021","حضر","ثانوى","100"
"المنيا","2021","حضر","ثانوى","156"
"بنى سويف","2021","حضر","ثانوى","122"
"اسيوط","2021","حضر","ثانوى","183"
"الوادى الجديد","2021","حضر","ثانوى","46"
"سوهاج","2021","حضر","ثانوى","304"
"قنا","2021","حضر","ثانوى","169"
"الأقصر","2021","حضر","ثانوى","115"
"البحر الاحمر","2021","حضر","ثانوى","84"
"اسوان","2021","حضر","ثانوى","143"
"الجمهورية","2021","حضر","ثانوى","4654"
"القاهرة","2021","ريف","ثانوى",
"القليوبية","2021","ريف","ثانوى","319"
"المنوفية","2021","ريف","ثانوى","706"
"الغربية","2021","ريف","ثانوى","920"
"الدقهلية","2021","ريف","ثانوى","1249"
"الشرقية","2021","ريف","ثانوى","1439"
"كفر الشيخ","2021","ريف","ثانوى","528"
"البحيرة","2021","ريف","ثانوى","556"
"الاسكندرية","2021","ريف","ثانوى","47"
"مطروح","2021","ريف","ثانوى","37"
"دمياط","2021","ريف","ثانوى","69"
"بورسعيد","2021","ريف","ثانوى","6"
"الاسماعيلية","2021","ريف","ثانوى","82"
"السويس","2021","ريف","ثانوى","22"
"شمال سيناء","2021","ريف","ثانوى","76"
"جنوب سيناء","2021","ريف","ثانوى","81"
"الجيزة","2021","ريف","ثانوى","403"
"الفيوم","2021","ريف","ثانوى","168"
"المنيا","2021","ريف","ثانوى","275"
"بنى سويف","2021","ريف","ثانوى","216"
"اسيوط","2021","ريف","ثانوى","248"
"الوادى الجديد","2021","ريف","ثانوى","42"
"سوهاج","2021","ريف","ثانوى","718"
"قنا","2021","ريف","ثانوى","463"
"الأقصر","2021","ريف","ثانوى","210"
"البحر الاحمر","2021","ريف","ثانوى","12"
"اسوان","2021","ريف","ثانوى","129"
"الجمهورية","2021","ريف","ثانوى","9021"
"القاهرة","2021","حضر","قراءات","22"
"القليوبية","2021","حضر","قراءات","16"
"المنوفية","2021","حضر","قراءات","20"
"الغربية","2021","حضر","قراءات","16"
"الدقهلية","2021","حضر","قراءات","71"
"الشرقية","2021","حضر","قراءات","68"
"كفر الشيخ","2021","حضر","قراءات","18"
"البحيرة","2021","حضر","قراءات","35"
"الاسكندرية","2021","حضر","قراءات","16"
"مطروح","2021","حضر","قراءات","16"
"دمياط","2021","حضر","قراءات","16"
"بورسعيد","2021","حضر","قراءات","15"
"الاسماعيلية","2021","حضر","قراءات","26"
"السويس","2021","حضر","قراءات","8"
"شمال سيناء","2021","حضر","قراءات","13"
"جنوب سيناء","2021","حضر","قراءات","10"
"الجيزة","2021","حضر","قراءات","24"
"الفيوم","2021","حضر","قراءات","16"
"المنيا","2021","حضر","قراءات","45"
"بنى سويف","2021","حضر","قراءات","16"
"اسيوط","2021","حضر","قراءات","32"
"الوادى الجديد","2021","حضر","قراءات","4"
"سوهاج","2021","حضر","قراءات","32"
"قنا","2021","حضر","قراءات","32"
"الأقصر","2021","حضر","قراءات","31"
"البحر الاحمر","2021","حضر","قراءات","15"
"اسوان","2021","حضر","قراءات","27"
"الجمهورية","2021","حضر","قراءات","660"
"القاهرة","2021","ريف","قراءات",
"القليوبية","2021","ريف","قراءات",
"المنوفية","2021","ريف","قراءات","12"
"الغربية","2021","ريف","قراءات",
"الدقهلية","2021","ريف","قراءات","13"
"الشرقية","2021","ريف","قراءات","36"
"كفر الشيخ","2021","ريف","قراءات",
"البحيرة","2021","ريف","قراءات","6"
"الاسكندرية","2021","ريف","قراءات",
"مطروح","2021","ريف","قراءات",
"دمياط","2021","ريف","قراءات",
"بورسعيد","2021","ريف","قراءات",
"الاسماعيلية","2021","ريف","قراءات",
"السويس","2021","ريف","قراءات",
"شمال سيناء","2021","ريف","قراءات",
"جنوب سيناء","2021","ريف","قراءات",
"الجيزة","2021","ريف","قراءات","90"
"الفيوم","2021","ريف","قراءات","5"
"المنيا","2021","ريف","قراءات",
"بنى سويف","2021","ريف","قراءات","4"
"اسيوط","2021","ريف","قراءات","2"
"الوادى الجديد","2021","ريف","قراءات",
"سوهاج","2021","ريف","قراءات",
"قنا","2021","ريف","قراءات",
"الأقصر","2021","ريف","قراءات",
"البحر الاحمر","2021","ريف","قراءات",
"اسوان","2021","ريف","قراءات",
"الجمهورية","2021","ريف","قراءات","168"